dvalue,voltage
250,1.16
249,1.15
250,1.16
250,1.16
250,1.16
250,1.16
251,1.16
250,1.16
250,1.16
249,1.15
250,1.16
250,1.16
250,1.16
250,1.16
250,1.16
250,1.16
250,1.16
250,1.16
250,1.16
250,1.16
254,1.17
219,1.01
221,1.02
228,1.05
268,1.24
294,1.36
306,1.41
311,1.44
318,1.47
326,1.51
334,1.54
344,1.59
355,1.64
366,1.69
377,1.74
392,1.81
406,1.88
432,2
457,2.11
486,2.25
516,2.39
538,2.49
557,2.58
569,2.63
567,2.62
568,2.63
570,2.64
578,2.67
602,2.78
619,2.86
636,2.94
636,2.94
676,3.13
693,3.2
705,3.26
723,3.34
738,3.41
750,3.47
762,3.52
773,3.57
791,3.66
808,3.74
821,3.8
836,3.87
858,3.97
829,3.83
886,4.1
912,4.22
933,4.31
948,4.38
971,4.49
982,4.54
987,4.56
986,4.56
987,4.56
986,4.56
987,4.56
987,4.56
987,4.56
1023,4.73
1023,4.73
1023,4.73
1023,4.73
1023,4.73
1023,4.73
1023,4.73
1023,4.73
1023,4.73
1023,4.73
1023,4.73
1023,4.73
1000,4.62
968,4.48
935,4.32
921,4.26
912,4.22
901,4.17
893,4.13
894,4.13
873,4.04
893,4.13
779,3.6
752,3.48
733,3.39
729,3.37
726,3.36
710,3.28
705,3.26
701,3.24
695,3.21
693,3.2
686,3.17
679,3.14
677,3.13
668,3.09
658,3.04
651,3.01
640,2.96
630,2.91
620,2.87
612,2.83
645,2.98
614,2.84
612,2.83
613,2.83
613,2.83
613,2.83
615,2.84
613,2.83
613,2.83
613,2.83
613,2.83
613,2.83
613,2.83
614,2.84
614,2.84
615,2.84
617,2.85
616,2.85
616,2.85
605,2.8
565,2.61
537,2.48
564,2.61
550,2.54
514,2.38
526,2.43
537,2.48
518,2.4
523,2.42
522,2.41
549,2.54
564,2.61
530,2.45
522,2.41
585,2.7
530,2.45
478,2.21
556,2.57
506,2.34
540,2.5
554,2.56
487,2.25
512,2.37
521,2.41
542,2.51
526,2.43
527,2.44
527,2.44
527,2.44
522,2.41
508,2.35
504,2.33
503,2.33
503,2.33
497,2.3
493,2.28
490,2.27
489,2.26
485,2.24
483,2.23
480,2.22
480,2.22
480,2.22
478,2.21
473,2.19
469,2.17
467,2.16
465,2.15
460,2.13
457,2.11
454,2.1
453,2.09
452,2.09
449,2.08
444,2.05
438,2.03
437,2.02
437,2.02
440,2.03
428,1.98
435,2.01
424,1.96
413,1.91
440,2.03
405,1.87
404,1.87
396,1.83
396,1.83
396,1.83
421,1.95
386,1.78
381,1.76
385,1.78
386,1.78
382,1.77
433,2
430,1.99
374,1.73
367,1.7
342,1.58
390,1.8
446,2.06
362,1.67
364,1.68
365,1.69
384,1.78
364,1.68
363,1.68
366,1.69
357,1.65
348,1.61
338,1.56
333,1.54
325,1.5
324,1.5
320,1.48
309,1.43
295,1.36
285,1.32
347,1.6
284,1.31
284,1.31
14,0.06
261,1.21
274,1.27
269,1.24
273,1.26
268,1.24
252,1.17
246,1.14
235,1.09
232,1.07
229,1.06
232,1.07
1,0
231,1.07
221,1.02
119,0.55
84,0.39
52,0.24
23,0.11
1,0
0,0
0,0
0,0
0,0
0,0
0,0
57,0.26
0,0
0,0
0,0
0,0
0,0
24,0.11
38,0.18
43,0.2
51,0.24
61,0.28
71,0.33
78,0.36
71,0.33
85,0.39
85,0.39
86,0.4
86,0.4
80,0.37
0,0
87,0.4
86,0.4
109,0.5
129,0.6
145,0.67
168,0.78
192,0.89
203,0.94
203,0.94
206,0.95
182,0.84
203,0.94
222,1.03
204,0.94
206,0.95
224,1.04
204,0.94
233,1.08
254,1.17
261,1.21
262,1.21
261,1.21
260,1.2
262,1.21
264,1.22
286,1.32
310,1.43
312,1.44
0,0
319,1.47
349,1.61
329,1.52
384,1.78
354,1.64
384,1.78
377,1.74
387,1.79
401,1.85
409,1.89
433,2
415,1.92
415,1.92
436,2.02
437,2.02
488,2.26
529,2.45
555,2.57
586,2.71
617,2.85
606,2.8
606,2.8
606,2.8
565,2.61
543,2.51
535,2.47
523,2.42
518,2.4
511,2.36
507,2.34
505,2.33
504,2.33
500,2.31
497,2.3
490,2.27
480,2.22
471,2.18
467,2.16
463,2.14
463,2.14
425,1.97
463,2.14
463,2.14
463,2.14
463,2.14
474,2.19
483,2.23
479,2.21
473,2.19
493,2.28
506,2.34
502,2.32
526,2.43
590,2.73
646,2.99
653,3.02
676,3.13
704,3.26
724,3.35
747,3.45
764,3.53
784,3.62
791,3.66
810,3.75
852,3.94
864,3.99
879,4.06
904,4.18
925,4.28
934,4.32
940,4.35
938,4.34
935,4.32
934,4.32
931,4.3
921,4.26
907,4.19
882,4.08
857,3.96
843,3.9
831,3.84
820,3.79
816,3.77
801,3.7
793,3.67
787,3.64
787,3.64
786,3.63
785,3.63
784,3.62
786,3.63
775,3.58
690,3.19
678,3.13
666,3.08
649,3
634,2.93
615,2.84
606,2.8
582,2.69
566,2.62
553,2.56
546,2.52
454,2.1
549,2.54
571,2.64
590,2.73
613,2.83
631,2.92
628,2.9
611,2.83
601,2.78
601,2.78
597,2.76
588,2.72
570,2.64
556,2.57
542,2.51
529,2.45
525,2.43
526,2.43
525,2.43
529,2.45
527,2.44
529,2.45
547,2.53
568,2.63
577,2.67
590,2.73
621,2.87
636,2.94
646,2.99
665,3.07
685,3.17
693,3.2
692,3.2
694,3.21
694,3.21
694,3.21
682,3.15
774,3.58
774,3.58
775,3.58
806,3.73
732,3.38
769,3.56
773,3.57
772,3.57
772,3.57
753,3.48
701,3.24
689,3.19
684,3.16
678,3.13
678,3.13
679,3.14
705,3.26
720,3.33
727,3.36
733,3.39
737,3.41
734,3.39
740,3.42
746,3.45
751,3.47
769,3.56
779,3.6
787,3.64
799,3.69
844,3.9
856,3.96
875,4.05
885,4.09
892,4.12
890,4.12
898,4.15
892,4.12
892,4.12
1010,4.67
891,4.12
859,3.97
833,3.85
815,3.77
812,3.75
803,3.71
799,3.69
792,3.66
779,3.6
775,3.58
759,3.51
755,3.49
750,3.47
742,3.43
740,3.42
701,3.24
701,3.24
701,3.24
736,3.4
805,3.72
833,3.85
858,3.97
862,3.99
877,4.05
881,4.07
897,4.15
904,4.18
897,4.15
923,4.27
931,4.3
930,4.3
942,4.36
938,4.34
956,4.42
913,4.22
974,4.5
981,4.54
987,4.56
988,4.57
989,4.57
1001,4.63
1023,4.73
1023,4.73
1023,4.73
1023,4.73
1023,4.73
1023,4.73
1023,4.73
1023,4.73
1023,4.73
1023,4.73
1023,4.73
1023,4.73
1023,4.73
1023,4.73
1023,4.73
1023,4.73
1023,4.73
980,4.53
950,4.39
944,4.36
927,4.29
911,4.21
893,4.13
875,4.05
857,3.96
841,3.89
826,3.82
815,3.77
802,3.71
777,3.59
746,3.45
745,3.44
747,3.45
727,3.36
694,3.21
663,3.07
640,2.96
627,2.9
607,2.81
587,2.71
565,2.61
529,2.45
463,2.14
437,2.02
428,1.98
429,1.98
425,1.97
425,1.97
424,1.96
424,1.96
420,1.94
424,1.96
425,1.97
425,1.97
425,1.97
424,1.96
424,1.96
426,1.97
425,1.97
425,1.97
414,1.91
361,1.67
424,1.96
425,1.97
485,2.24
537,2.48
538,2.49
542,2.51
542,2.51
539,2.49
452,2.09
567,2.62
418,1.93
352,1.63
297,1.37
379,1.75
218,1.01
220,1.02
218,1.01
218,1.01
203,0.94
184,0.85
169,0.78
162,0.75
155,0.72
145,0.67
126,0.58
112,0.52
101,0.47
83,0.38
47,0.22
3,0.01
0,0
0,0
0,0
0,0
0,0
0,0
0,0
0,0
16,0.07
0,0
4,0.02
0,0
61,0.28
113,0.52
148,0.68
160,0.74
166,0.77
188,0.87
212,0.98
237,1.1
264,1.22
286,1.32
302,1.4
304,1.41
302,1.4
303,1.4
320,1.48
399,1.84
488,2.26
525,2.43
583,2.7
591,2.73
624,2.89
626,2.89
612,2.83
677,3.13
719,3.32
666,3.08
853,3.94
811,3.75
829,3.83
824,3.81
919,4.25
820,3.79
821,3.8
824,3.81
856,3.96
896,4.14
914,4.23
937,4.33
953,4.41
972,4.49
983,4.55
999,4.62
1014,4.69
1023,4.73
1023,4.73
1023,4.73
1023,4.73
1023,4.73
1023,4.73
1001,4.63
963,4.45
935,4.32
906,4.19
897,4.15
744,3.44
932,4.31
834,3.86
959,4.43
1009,4.67
1023,4.73
930,4.3
1023,4.73
1023,4.73
1023,4.73
1023,4.73
1023,4.73
1023,4.73
10223,4.73
1023,4.73
1023,4.73
1023,4.73
1023,4.73
1023,4.73
1023,4.73
1023,4.73
1023,4.73
1023,4.73
1023,4.73
1023,4.73
1023,4.73
1023,4.73
1023,4.73
1023,4.73
1023,4.73
1023,4.73
1023,4.73
1023,4.73
1023,4.73
1023,4.73
1023,4.73
1023,4.73
1023,4.73
1023,4.73
1023,4.73
1023,4.73
1023,4.73
1023,4.73
1023,4.73
1023,4.73
1023,4.73
1023,4.73
1023,4.73
1023,4.73
1023,4.73
1023,4.73
1023,4.73
1023,4.73
1023,4.73
1023,4.73
1023,4.73
1023,4.73
1023,4.73
1023,4.73
1023,4.73
1023,4.73
1023,4.73
1023,4.73
1023,4.73
1023,4.73
1023,4.73
1023,4.73
1023,4.73
1023,4.73
1023,4.73
1023,4.73
1023,4.73
1023,4.73
1023,4.73
1023,4.73
1023,4.73
1023,4.73
1023,4.73
1023,4.73
1023,4.73
1023,4.73
1023,4.73
1023,4.73
1023,4.73
1023,4.73
1023,4.73
1023,4.73
1023,4.73
1023,4.73
1023,4.73
1023,4.73
1023,4.73
1023,4.73
1023,4.73
1023,4.73
1023,4.73
1023,4.73
1023,4.73
1023,4.73
1023,4.73
1023,4.73
1023,4.73
987,4.56
1023,4.73
1023,4.73
1023,4.73
1023,4.73
1023,4.73
1023,4.73
1023,4.73
1023,4.73
1023,4.73
1023,4.73
1023,4.73
1023,4.73
1023,4.73
1023,4.73
1023,4.73
1023,4.73
1021,4.72
1013,4.68
1012,4.68
1007,4.66
1005,4.65
1003,4.64
998,4.61
993,4.59
988,4.57
988,4.57
985,4.55
984,4.55
980,4.53
978,4.52
979,4.53
975,4.51
974,4.5
973,4.5
972,4.49
972,4.49
970,4.48
969,4.48
969,4.48
969,4.48
968,4.48
967,4.47
965,4.46
964,4.46
963,4.45
962,4.45
962,4.45
961,4.44
958,4.43
957,4.42
958,4.43
955,4.42
955,4.42
955,4.42
955,4.42
954,4.41
953,4.41
951,4.4
950,4.39
949,4.39
948,4.38
948,4.38
946,4.37
947,4.38
947,4.38
947,4.38
946,4.37
945,4.37
944,4.36
944,4.36
943,4.36
943,4.36
943,4.36
942,4.36
942,4.36
942,4.36
942,4.36
941,4.35
941,4.35
940,4.35
939,4.34
940,4.35
939,4.34
940,4.35
940,4.35
938,4.34
939,4.34
938,4.34
938,4.34
937,4.33
936,4.33
937,4.33
937,4.33
935,4.32
935,4.32
934,4.32
933,4.31
933,4.31
931,4.3
931,4.3
931,4.3
931,4.3
929,4.3
928,4.29
927,4.29
928,4.29
926,4.28
927,4.29
926,4.28
924,4.27
923,4.27
923,4.27
922,4.26
922,4.26
921,4.26
919,4.25
918,4.24
914,4.23
913,4.22
912,4.22
913,4.22
910,4.21
909,4.2
907,4.19
906,4.19
906,4.19
905,4.18
905,4.18
903,4.18
903,4.18
902,4.17
902,4.17
900,4.16
900,4.16
899,4.16
899,4.16
897,4.15
896,4.14
895,4.14
894,4.13
894,4.13
893,4.13
893,4.13
892,4.12
891,4.12
889,4.11
888,4.11
888,4.11
885,4.09
885,4.09
885,4.09
883,4.08
881,4.07
884,4.09
881,4.07
879,4.06
881,4.07
880,4.07
879,4.06
881,4.07
878,4.06
880,4.07
877,4.05
877,4.05
876,4.05
875,4.05
875,4.05
874,4.04
873,4.04
852,3.94
868,4.01
874,4.04
872,4.03
871,4.03
869,4.02
870,4.02
868,4.01
862,3.99
804,3.72
841,3.89
862,3.99
864,3.99
862,3.99
857,3.96
856,3.96
855,3.95
860,3.98
861,3.98
861,3.98
861,3.98
851,3.93
857,3.96
855,3.95
858,3.97
857,3.96
812,3.75
837,3.87
855,3.95
854,3.95
855,3.95
855,3.95
853,3.94
852,3.94
851,3.93
794,3.67
849,3.93
849,3.93
848,3.92
848,3.92
845,3.91
848,3.92
844,3.9
845,3.91
843,3.9
790,3.65
835,3.86
821,3.8
842,3.89
840,3.88
817,3.78
814,3.76
838,3.87
842,3.89
841,3.89
838,3.87
825,3.81
834,3.86
838,3.87
836,3.87
839,3.88
838,3.87
836,3.87
837,3.87
835,3.86
835,3.86
836,3.87
825,3.81
835,3.86
820,3.79
830,3.84
835,3.86
834,3.86
835,3.86
833,3.85
832,3.85
829,3.83
830,3.84
830,3.84
831,3.84
830,3.84
829,3.83
829,3.83
829,3.83
829,3.83
829,3.83
829,3.83
827,3.82
829,3.83
816,3.77
762,3.52
800,3.7
795,3.68
806,3.73
818,3.78
816,3.77
815,3.77
817,3.78
819,3.79
817,3.78
805,3.72
816,3.77
817,3.78
816,3.77
815,3.77
815,3.77
816,3.77
815,3.77
815,3.77
814,3.76
814,3.76
809,3.74
810,3.75
812,3.75
811,3.75
810,3.75
809,3.74
811,3.75
806,3.73
805,3.72
804,3.72
803,3.71
802,3.71
801,3.7
801,3.7
800,3.7
799,3.69
789,3.65
797,3.69
758,3.5
790,3.65
791,3.66
791,3.66
789,3.65
790,3.65
790,3.65
787,3.64
786,3.63
786,3.63
784,3.62
782,3.62
781,3.61
779,3.6
780,3.61
779,3.6
776,3.59
774,3.58
774,3.58
771,3.56
718,3.32
722,3.34
703,3.25
751,3.47
766,3.54
763,3.53
763,3.53
764,3.53
762,3.52
761,3.52
756,3.5
756,3.5
759,3.51
757,3.5
755,3.49
754,3.49
754,3.49
752,3.48
756,3.5
752,3.48
753,3.48
754,3.49
753,3.48
753,3.48
753,3.48
751,3.47
752,3.48
751,3.47
751,3.47
750,3.47
749,3.46
748,3.46
747,3.45
745,3.44
746,3.45
746,3.45
744,3.44
742,3.43
741,3.43
741,3.43
740,3.42
739,3.42
738,3.41
737,3.41
729,3.37
736,3.4
735,3.4
735,3.4
731,3.38
730,3.38
728,3.37
727,3.36
724,3.35
725,3.35
726,3.36
726,3.36
725,3.35
725,3.35
723,3.34
722,3.34
722,3.34
719,3.32
718,3.32
718,3.32
717,3.32
715,3.31
713,3.3
714,3.3
714,3.3
714,3.3
712,3.29
711,3.29
710,3.28
709,3.28
707,3.27
707,3.27
707,3.27
707,3.27
704,3.26
700,3.24
700,3.24
691,3.19
700,3.24
695,3.21
695,3.21
694,3.21
690,3.19
692,3.2
691,3.19
689,3.19
688,3.18
689,3.19
690,3.19
681,3.15
688,3.18
689,3.19
690,3.19
690,3.19
689,3.19
689,3.19
689,3.19
690,3.19
689,3.19
690,3.19
690,3.19
689,3.19
658,3.04
689,3.19
660,3.05
687,3.18
689,3.19
689,3.19
690,3.19
691,3.19
690,3.19
686,3.17
690,3.19
690,3.19
686,3.17
685,3.17
683,3.16
678,3.13
672,3.11
662,3.06
647,2.99
636,2.94
623,2.88
614,2.84
608,2.81
604,2.79
603,2.79
597,2.76
531,2.46
593,2.74
584,2.7
584,2.7
581,2.69
581,2.69
578,2.67
576,2.66
576,2.66
575,2.66
573,2.65
574,2.65
573,2.65
569,2.63
568,2.63
566,2.62
566,2.62
565,2.61
565,2.61
559,2.58
563,2.6
560,2.59
560,2.59
558,2.58
559,2.58
557,2.58
554,2.56
554,2.56
552,2.55
553,2.56
550,2.54
548,2.53
547,2.53
545,2.52
545,2.52
543,2.51
542,2.51
541,2.5
539,2.49
539,2.49
539,2.49
538,2.49
536,2.48
537,2.48
535,2.47
535,2.47
535,2.47
534,2.47
532,2.46
533,2.46
533,2.46
532,2.46
531,2.46
527,2.44
527,2.44
528,2.44
528,2.44
526,2.43
527,2.44
524,2.42
526,2.43
525,2.43
525,2.43
524,2.42
526,2.43
525,2.43
524,2.42
522,2.41
522,2.41
521,2.41
521,2.41
520,2.4
519,2.4
520,2.4
519,2.4
519,2.4
517,2.39
516,2.39
514,2.38
514,2.38
510,2.36
510,2.36
509,2.35
508,2.35
507,2.34
504,2.33
505,2.33
503,2.33
501,2.32
502,2.32
495,2.29
493,2.28
493,2.28
493,2.28
491,2.27
490,2.27
492,2.27
490,2.27
489,2.26
484,2.24
482,2.23
482,2.23
481,2.22
479,2.21
479,2.21
477,2.21
476,2.2
472,2.18
469,2.17
469,2.17
469,2.17
468,2.16
467,2.16
466,2.15
465,2.15
461,2.13
467,2.16
463,2.14
462,2.14
463,2.14
460,2.13
461,2.13
461,2.13
459,2.12
457,2.11
458,2.12
459,2.12
456,2.11
454,2.1
455,2.1
453,2.09
451,2.09
452,2.09
453,2.09
449,2.08
451,2.09
448,2.07
449,2.08
448,2.07
448,2.07
445,2.06
445,2.06
443,2.05
442,2.04
442,2.04
440,2.03
439,2.03
440,2.03
438,2.03
437,2.02
437,2.02
435,2.01
434,2.01
434,2.01
433,2
431,1.99
434,2.01
430,1.99
431,1.99
431,1.99
430,1.99
431,1.99
431,1.99
430,1.99
430,1.99
431,1.99
430,1.99
427,1.97
426,1.97
426,1.97
425,1.97
423,1.96
422,1.95
423,1.96
423,1.96
423,1.96
423,1.96
422,1.95
420,1.94
421,1.95
422,1.95
422,1.95
420,1.94
420,1.94
419,1.94
417,1.93
417,1.93
417,1.93
416,1.92
415,1.92
415,1.92
414,1.91
414,1.91
412,1.9
411,1.9
413,1.91
411,1.9
412,1.9
411,1.9
409,1.89
411,1.9
411,1.9
405,1.87
409,1.89
407,1.88
409,1.89
408,1.89
408,1.89
408,1.89
407,1.88
409,1.89
408,1.89
409,1.89
406,1.88
407,1.88
405,1.87
405,1.87
404,1.87
401,1.85
402,1.86
401,1.85
399,1.84
395,1.83
396,1.83
396,1.83
396,1.83
392,1.81
392,1.81
392,1.81
392,1.81
388,1.79
388,1.79
388,1.79
388,1.79
381,1.76
381,1.76
378,1.75
378,1.75
376,1.74
376,1.74
375,1.73
373,1.72
373,1.72
372,1.72
372,1.72
371,1.72
370,1.71
369,1.71
368,1.7
368,1.7
368,1.7
367,1.7
364,1.68
365,1.69
362,1.67
361,1.67
360,1.66
361,1.67
360,1.66
358,1.66
359,1.66
357,1.65
355,1.64
355,1.64
354,1.64
356,1.65
354,1.64
352,1.63
353,1.63
352,1.63
352,1.63
352,1.63
352,1.63
350,1.62
347,1.6
349,1.61
349,1.61
348,1.61
346,1.6
348,1.61
346,1.6
346,1.6
346,1.6
344,1.59
342,1.58
342,1.58
342,1.58
341,1.58
338,1.56
334,1.54
333,1.54
339,1.57
337,1.56
337,1.56
337,1.56
336,1.55
335,1.55
334,1.54
331,1.53
330,1.53
333,1.54
329,1.52
328,1.52
325,1.5
324,1.5
323,1.49
323,1.49
322,1.49
320,1.48
318,1.47
318,1.47
301,1.39
279,1.29
316,1.46
312,1.44
315,1.46
312,1.44
312,1.44
312,1.44
310,1.43
309,1.43
307,1.42
307,1.42
307,1.42
306,1.41
305,1.41
303,1.4
300,1.39
299,1.38
299,1.38
298,1.38
297,1.37
297,1.37
295,1.36
295,1.36
291,1.35
291,1.35
288,1.33
288,1.33
284,1.31
284,1.31
284,1.31
281,1.3
280,1.29
277,1.28
277,1.28
271,1.25
270,1.25
267,1.23
265,1.23
265,1.23
264,1.22
261,1.21
261,1.21
260,1.2
258,1.19
258,1.19
254,1.17
252,1.17
250,1.16
250,1.16
247,1.14
246,1.14
244,1.13
242,1.12
240,1.11
239,1.11
237,1.1
234,1.08
232,1.07
229,1.06
229,1.06
228,1.05
226,1.04
225,1.04
223,1.03
222,1.03
220,1.02
218,1.01
217,1
216,1
214,0.99
214,0.99
213,0.98
213,0.98
211,0.98
213,0.98
208,0.96
209,0.97
207,0.96
207,0.96
206,0.95
204,0.94
204,0.94
202,0.93
202,0.93
202,0.93
200,0.92
198,0.92
200,0.92
197,0.91
194,0.9
186,0.86
192,0.89
194,0.9
193,0.89
193,0.89
192,0.89
191,0.88
189,0.87
188,0.87
187,0.86
188,0.87
173,0.8
186,0.86
185,0.86
184,0.85
184,0.85
185,0.86
183,0.85
181,0.84
181,0.84
178,0.82
180,0.83
178,0.82
177,0.82
177,0.82
177,0.82
176,0.81
176,0.81
174,0.8
174,0.8
173,0.8
174,0.8
170,0.79
173,0.8
173,0.8
172,0.8
172,0.8
171,0.79
170,0.79
170,0.79
170,0.79
170,0.79
167,0.77
169,0.78
169,0.78
159,0.74
160,0.74
165,0.76
162,0.75
159,0.74
163,0.75
162,0.75
163,0.75
162,0.75
161,0.74
160,0.74
160,0.74
158,0.73
157,0.73
157,0.73
155,0.72
155,0.72
147,0.68
154,0.71
152,0.7
152,0.7
150,0.69
150,0.69
149,0.69
149,0.69
150,0.69
148,0.68
147,0.68
143,0.66
145,0.67
145,0.67
145,0.67
144,0.67
139,0.64
144,0.67
143,0.66
144,0.67
144,0.67
144,0.67
143,0.66
144,0.67
143,0.66
143,0.66
130,0.6
143,0.66
142,0.66
144,0.67
143,0.66
129,0.6
141,0.65
141,0.65
142,0.66
141,0.65
140,0.65
132,0.61
140,0.65
139,0.64
114,0.53
138,0.64
139,0.64
139,0.64
135,0.62
136,0.63
130,0.6
131,0.61
121,0.56
132,0.61
125,0.58
135,0.62
135,0.62
125,0.58
136,0.63
128,0.59
137,0.63
122,0.56
121,0.56
117,0.54
116,0.54
120,0.55
122,0.56
130,0.6
137,0.63
134,0.62
132,0.61
130,0.6
134,0.62
123,0.57
131,0.61
128,0.59
135,0.62
136,0.63
136,0.63
135,0.62
136,0.63
136,0.63
135,0.62
136,0.63
135,0.62
136,0.63
135,0.62
136,0.63
136,0.63
134,0.62
137,0.63
136,0.63
135,0.62
136,0.63
135,0.62
135,0.62
136,0.63
135,0.62
136,0.63
136,0.63
137,0.63
135,0.62
134,0.62
135,0.62
135,0.62
134,0.62
136,0.63
135,0.62
134,0.62
135,0.62
133,0.61
135,0.62
134,0.62
134,0.62
133,0.61
130,0.6
132,0.61
121,0.56
124,0.57
123,0.57
122,0.56
125,0.58
125,0.58
126,0.58
124,0.57
123,0.57
125,0.58
125,0.58
126,0.58
125,0.58
123,0.57
124,0.57
123,0.57
123,0.57
123,0.57
122,0.56
121,0.56
120,0.55
120,0.55
119,0.55
118,0.55
120,0.55
120,0.55
119,0.55
118,0.55
118,0.55
117,0.54
116,0.54
115,0.53
117,0.54
116,0.54
116,0.54
115,0.53
114,0.53
112,0.52
112,0.52
108,0.5
113,0.52
111,0.51
112,0.52
109,0.5
109,0.5
109,0.5
109,0.5
108,0.5
106,0.49
108,0.5
108,0.5
106,0.49
105,0.49
105,0.49
105,0.49
105,0.49
105,0.49
104,0.48
104,0.48
102,0.47
103,0.48
100,0.46
100,0.46
97,0.45
96,0.44
95,0.44
95,0.44
93,0.43
92,0.43
91,0.42
90,0.42
91,0.42
89,0.41
88,0.41
87,0.4
82,0.38
87,0.4
87,0.4
87,0.4
85,0.39
86,0.4
84,0.39
85,0.39
85,0.39
85,0.39
84,0.39
82,0.38
84,0.39
78,0.36
84,0.39
82,0.38
82,0.38
81,0.37
80,0.37
81,0.37
79,0.37
77,0.36
78,0.36
78,0.36
78,0.36
78,0.36
77,0.36
78,0.36
80,0.37
77,0.36
77,0.36
78,0.36
77,0.36
78,0.36
76,0.35
78,0.36
78,0.36
70,0.32
73,0.34
72,0.33
77,0.36
77,0.36
78,0.36
78,0.36
72,0.33
77,0.36
77,0.36
77,0.36
66,0.31
77,0.36
78,0.36
77,0.36
77,0.36
78,0.36
78,0.36
77,0.36
77,0.36
78,0.36
78,0.36
78,0.36
78,0.36
77,0.36
77,0.36
78,0.36
77,0.36
78,0.36
78,0.36
77,0.36
79,0.37
78,0.36
78,0.36
77,0.36
77,0.36
77,0.36
78,0.36
78,0.36
70,0.32
77,0.36
78,0.36
77,0.36
78,0.36
78,0.36
77,0.36
78,0.36
78,0.36
77,0.36
78,0.36
78,0.36
78,0.36
78,0.36
78,0.36
78,0.36
78,0.36
78,0.36
78,0.36
77,0.36
78,0.36
78,0.36
76,0.35
78,0.36
78,0.36
78,0.36
78,0.36
77,0.36
78,0.36
77,0.36
77,0.36
78,0.36
78,0.36
76,0.35
79,0.37
77,0.36
77,0.36
78,0.36
78,0.36
77,0.36
79,0.37
77,0.36
78,0.36
79,0.37
78,0.36
77,0.36
76,0.35
76,0.35
75,0.35
72,0.33
70,0.32
68,0.31
61,0.28
56,0.26
43,0.2
23,0.11
3,0.01
0,0
0,0
0,0
0,0
0,0
0,0
0,0
0,0
0,0
0,0
0,0
0,0
0,0
0,0
0,0
0,0
0,0
0,0
0,0
0,0
0,0
0,0
0,0
0,0
0,0
0,0
0,0
0,0
0,0
0,0
0,0
0,0
0,0
0,0
0,0
0,0
0,0
0,0
0,0
0,0
0,0
0,0
0,0
0,0
0,0
0,0
0,0
0,0
0,0
0,0
0,0
0,0
0,0
0,0
0,0
0,0
0,0
0,0
0,0
0,0
0,0
0,0
0,0
0,0
0,0
0,0
0,0
0,0
0,0
0,0
0,0
0,0
0,0
0,0
0,0
0,0
0,0
0,0
0,0
0,0
0,0
0,0
0,0
5,0.02
8,0.04
13,0.06
15,0.07
19,0.09
21,0.1
25,0.12
28,0.13
32,0.15
35,0.16
39,0.18
41,0.19
43,0.2
44,0.2
46,0.21
48,0.22
49,0.23
50,0.23
53,0.25
53,0.25
53,0.25
53,0.25
54,0.25
55,0.25
55,0.25
56,0.26
56,0.26
57,0.26
58,0.27
59,0.27
61,0.28
62,0.29
62,0.29
64,0.3
64,0.3
65,0.3
67,0.31
68,0.31
68,0.31
70,0.32
71,0.33
71,0.33
74,0.34
74,0.34
76,0.35
77,0.36
78,0.36
79,0.37
80,0.37
81,0.37
83,0.38
84,0.39
84,0.39
85,0.39
86,0.4
87,0.4
88,0.41
89,0.41
91,0.42
92,0.43
94,0.43
95,0.44
97,0.45
98,0.45
99,0.46
101,0.47
103,0.48
106,0.49
108,0.5
110,0.51
112,0.52
114,0.53
116,0.54
118,0.55
120,0.55
124,0.57
124,0.57
126,0.58
128,0.59
129,0.6
132,0.61
132,0.61
132,0.61
135,0.62
137,0.63
139,0.64
140,0.65
142,0.66
143,0.66
144,0.67
147,0.68
149,0.69
150,0.69
151,0.7
152,0.7
154,0.71
156,0.72
158,0.73
159,0.74
160,0.74
163,0.75
164,0.76
165,0.76
166,0.77
169,0.78
169,0.78
171,0.79
173,0.8
176,0.81
176,0.81
178,0.82
180,0.83
180,0.83
183,0.85
185,0.86
185,0.86
187,0.86
188,0.87
190,0.88
191,0.88
192,0.89
195,0.9
196,0.91
198,0.92
200,0.92
202,0.93
204,0.94
206,0.95
206,0.95
208,0.96
211,0.98
212,0.98
214,0.99
215,0.99
217,1
219,1.01
221,1.02
222,1.03
222,1.03
224,1.04
225,1.04
226,1.04
229,1.06
229,1.06
230,1.06
232,1.07
234,1.08
234,1.08
236,1.09
238,1.1
240,1.11
239,1.11
240,1.11
242,1.12
243,1.12
244,1.13
244,1.13
246,1.14
248,1.15
249,1.15
251,1.16
252,1.17
254,1.17
255,1.18
256,1.18
258,1.19
259,1.2
260,1.2
260,1.2
262,1.21
264,1.22
264,1.22
266,1.23
268,1.24
269,1.24
270,1.25
272,1.26
273,1.26
273,1.26
276,1.28
276,1.28
277,1.28
279,1.29
281,1.3
282,1.3
284,1.31
284,1.31
286,1.32
287,1.33
289,1.34
291,1.35
293,1.35
296,1.37
298,1.38
300,1.39
301,1.39
304,1.41
307,1.42
308,1.42
311,1.44
311,1.44
312,1.44
314,1.45
315,1.46
318,1.47
319,1.47
321,1.48
323,1.49
324,1.5
326,1.51
328,1.52
329,1.52
331,1.53
334,1.54
336,1.55
338,1.56
339,1.57
343,1.59
345,1.6
346,1.6
349,1.61
351,1.62
352,1.63
354,1.64
357,1.65
362,1.67
365,1.69
368,1.7
371,1.72
375,1.73
377,1.74
381,1.76
383,1.77
386,1.78
389,1.8
391,1.81
395,1.83
397,1.84
402,1.86
407,1.88
410,1.9
416,1.92
419,1.94
422,1.95
427,1.97
432,2
435,2.01
439,2.03
441,2.04
444,2.05
450,2.08
454,2.1
459,2.12
464,2.15
466,2.15
470,2.17
470,2.17
470,2.17
424,1.96
468,2.16
470,2.17
470,2.17
469,2.17
470,2.17
469,2.17
469,2.17
466,2.15
460,2.13
469,2.17
469,2.17
467,2.16
469,2.17
469,2.17
471,2.18
470,2.17
470,2.17
470,2.17
466,2.15
469,2.17
464,2.15
465,2.15
390,1.8
470,2.17
471,2.18
475,2.2
483,2.23
488,2.26
500,2.31
512,2.37
522,2.41
534,2.47
545,2.52
555,2.57
563,2.6
567,2.62
572,2.64
574,2.65
578,2.67
581,2.69
582,2.69
586,2.71
587,2.71
589,2.72
592,2.74
595,2.75
599,2.77
603,2.79
610,2.82
615,2.84
620,2.87
624,2.89
627,2.9
628,2.9
633,2.93
634,2.93
639,2.95
644,2.98
648,3
649,3
652,3.01
655,3.03
659,3.05
666,3.08
671,3.1
676,3.13
677,3.13
680,3.14
683,3.16
685,3.17
688,3.18
691,3.19
694,3.21
696,3.22
700,3.24
703,3.25
705,3.26
706,3.26
708,3.27
708,3.27
709,3.28
711,3.29
712,3.29
713,3.3
713,3.3
714,3.3
715,3.31
717,3.32
720,3.33
722,3.34
725,3.35
725,3.35
727,3.36
730,3.38
732,3.38
737,3.41
740,3.42
745,3.44
750,3.47
752,3.48
755,3.49
755,3.49
756,3.5
759,3.51
761,3.52
763,3.53
764,3.53
766,3.54
768,3.55
769,3.56
771,3.56
774,3.58
775,3.58
775,3.58
777,3.59
777,3.59
779,3.6
778,3.6
778,3.6
780,3.61
781,3.61
780,3.61
780,3.61
782,3.62
782,3.62
782,3.62
781,3.61
782,3.62
783,3.62
783,3.62
783,3.62
783,3.62
783,3.62
785,3.63
787,3.64
786,3.63
787,3.64
788,3.64
788,3.64
788,3.64
788,3.64
788,3.64
789,3.65
790,3.65
789,3.65
790,3.65
791,3.66
790,3.65
790,3.65
791,3.66
791,3.66
792,3.66
793,3.67
792,3.66
793,3.67
792,3.66
792,3.66
793,3.67
794,3.67
795,3.68
796,3.68
796,3.68
797,3.69
800,3.7
800,3.7
800,3.7
801,3.7
802,3.71
804,3.72
805,3.72
806,3.73
808,3.74
810,3.75
811,3.75
813,3.76
815,3.77
816,3.77
818,3.78
818,3.78
819,3.79
820,3.79
823,3.81
824,3.81
825,3.81
829,3.83
829,3.83
830,3.84
831,3.84
832,3.85
832,3.85
834,3.86
836,3.87
839,3.88
840,3.88
840,3.88
841,3.89
844,3.9
843,3.9
844,3.9
845,3.91
846,3.91
846,3.91
845,3.91
845,3.91
847,3.92
848,3.92
849,3.93
850,3.93
852,3.94
853,3.94
853,3.94
855,3.95
855,3.95
856,3.96
858,3.97
858,3.97
860,3.98
861,3.98
862,3.99
863,3.99
862,3.99
862,3.99
863,3.99
863,3.99
863,3.99
864,3.99
865,4
865,4
866,4
867,4.01
868,4.01
867,4.01
869,4.02
869,4.02
869,4.02
871,4.03
871,4.03
871,4.03
871,4.03
873,4.04
873,4.04
874,4.04
875,4.05
875,4.05
876,4.05
876,4.05
877,4.05
877,4.05
877,4.05
877,4.05
880,4.07
879,4.06
881,4.07
882,4.08
882,4.08
882,4.08
883,4.08
883,4.08
884,4.09
885,4.09
886,4.1
886,4.1
887,4.1
888,4.11
889,4.11
890,4.12
891,4.12
892,4.12
892,4.12
892,4.12
893,4.13
893,4.13
893,4.13
895,4.14
895,4.14
895,4.14
896,4.14
897,4.15
898,4.15
898,4.15
898,4.15
901,4.17
901,4.17
902,4.17
903,4.18
903,4.18
904,4.18
904,4.18
904,4.18
906,4.19
906,4.19
907,4.19
908,4.2
908,4.2
910,4.21
912,4.22
912,4.22
912,4.22
914,4.23
914,4.23
915,4.23
916,4.24
920,4.25
919,4.25
920,4.25
923,4.27
924,4.27
924,4.27
925,4.28
926,4.28
927,4.29
930,4.3
931,4.3
931,4.3
931,4.3
934,4.32
935,4.32
935,4.32
936,4.33
937,4.33
937,4.33
938,4.34
939,4.34
941,4.35
941,4.35
942,4.36
942,4.36
944,4.36
946,4.37
947,4.38
947,4.38
947,4.38
948,4.38
948,4.38
948,4.38
948,4.38
949,4.39
949,4.39
949,4.39
950,4.39
950,4.39
949,4.39
950,4.39
951,4.4
951,4.4
952,4.4
952,4.4
953,4.41
954,4.41
955,4.42
956,4.42
957,4.42
959,4.43
961,4.44
963,4.45
966,4.47
967,4.47
971,4.49
973,4.5
976,4.51
978,4.52
981,4.54
984,4.55
984,4.55
986,4.56
987,4.56
988,4.57
988,4.57
989,4.57
990,4.58
992,4.59
994,4.6
996,4.61
996,4.61
997,4.61
999,4.62
999,4.62
1001,4.63
1001,4.63
1004,4.64
1006,4.65
1007,4.66
1008,4.66
1009,4.67
1010,4.67
1012,4.68
1014,4.69
1018,4.71
1019,4.71
1021,4.72
1023,4.73
1023,4.73
1023,4.73
1023,4.73
1023,4.73
1023,4.73
1023,4.73
1023,4.73
1023,4.73
1023,4.73
1023,4.73
1023,4.73
1023,4.73
1023,4.73
1023,4.73
1023,4.73
1023,4.73
1023,4.73
1023,4.73
1023,4.73
1023,4.73
1023,4.73
1023,4.73
1023,4.73
1023,4.73
1023,4.73
1023,4.73
1023,4.73
1023,4.73
1023,4.73
1023,4.73
1023,4.73
1023,4.73
1023,4.73
1023,4.73
1023,4.73
1023,4.73
1023,4.73
1023,4.73
1023,4.73
1023,4.73
1023,4.73
1023,4.73
1023,4.73
1023,4.73
1023,4.73
1023,4.73
1023,4.73
1023,4.73
1023,4.73
1023,4.73
1023,4.73
1023,4.73
1023,4.73
1023,4.73
1023,4.73
999,4.62
974,4.5
948,4.38
909,4.2
870,4.02
842,3.89
822,3.8
800,3.7
778,3.6
760,3.51
743,3.44
731,3.38
1023,4.73
695,3.21
679,3.14
666,3.08
648,3
637,2.95
614,2.84
602,2.78
582,2.69
565,2.61
552,2.55
536,2.48
529,2.45
524,2.42
517,2.39
512,2.37
509,2.35
511,2.36
506,2.34
510,2.36
508,2.35
507,2.34
507,2.34
508,2.35
510,2.36
508,2.35
509,2.35
508,2.35
507,2.34
511,2.36
507,2.34
509,2.35
507,2.34
511,2.36
508,2.35
508,2.35
510,2.36
507,2.34
508,2.35
506,2.34
508,2.35
510,2.36
510,2.36
511,2.36
508,2.35
508,2.35
507,2.34
507,2.34
507,2.34
504,2.33
501,2.32
499,2.31
497,2.3
493,2.28
490,2.27
490,2.27
485,2.24
479,2.21
477,2.21
475,2.2
472,2.18
471,2.18
470,2.17
466,2.15
465,2.15
463,2.14
462,2.14
464,2.15
461,2.13
457,2.11
453,2.09
457,2.11
453,2.09
451,2.09
448,2.07
447,2.07
445,2.06
444,2.05
441,2.04
441,2.04
436,2.02
432,2
431,1.99
426,1.97
425,1.97
422,1.95
421,1.95
421,1.95
418,1.93
415,1.92
414,1.91
413,1.91
408,1.89
410,1.9
410,1.9
410,1.9
409,1.89
412,1.9
410,1.9
411,1.9
408,1.89
408,1.89
408,1.89
409,1.89
411,1.9
412,1.9
418,1.93
423,1.96
423,1.96
433,2
436,2.02
439,2.03
445,2.06
451,2.09
455,2.1
464,2.15
464,2.15
471,2.18
472,2.18
471,2.18
473,2.19
471,2.18
472,2.18
471,2.18
471,2.18
469,2.17
471,2.18
475,2.2
472,2.18
473,2.19
468,2.16
469,2.17
465,2.15
464,2.15
460,2.13
459,2.12
460,2.13
458,2.12
456,2.11
454,2.1
1023,4.73
1023,4.73
525,2.43
451,2.09
450,2.08
447,2.07
446,2.06
444,2.05
443,2.05
440,2.03
438,2.03
438,2.03
439,2.03
438,2.03
433,2
436,2.02
434,2.01
433,2
432,2
432,2
425,1.97
426,1.97
420,1.94
422,1.95
416,1.92
418,1.93
413,1.91
409,1.89
404,1.87
403,1.86
400,1.85
401,1.85
397,1.84
397,1.84
397,1.84
398,1.84
395,1.83
392,1.81
390,1.8
393,1.82
389,1.8
389,1.8
385,1.78
384,1.78
384,1.78
382,1.77
401,1.85
394,1.82
384,1.78
377,1.74
364,1.68
363,1.68
1023,4.73
357,1.65
358,1.66
349,1.61
347,1.6
366,1.69
385,1.78
348,1.61
345,1.6
377,1.74
340,1.57
431,1.99
342,1.58
334,1.54
380,1.76
335,1.55
335,1.55
339,1.57
335,1.55
331,1.53
328,1.52
328,1.52
329,1.52
326,1.51
325,1.5
326,1.51
321,1.48
319,1.47
323,1.49
320,1.48
321,1.48
320,1.48
318,1.47
319,1.47
316,1.46
315,1.46
313,1.45
311,1.44
313,1.45
312,1.44
308,1.42
311,1.44
307,1.42
308,1.42
305,1.41
304,1.41
306,1.41
304,1.41
305,1.41
302,1.4
302,1.4
301,1.39
300,1.39
298,1.38
298,1.38
295,1.36
298,1.38
290,1.34
295,1.36
293,1.35
294,1.36
293,1.35
292,1.35
291,1.35
294,1.36
292,1.35
294,1.36
295,1.36
296,1.37
302,1.4
304,1.41
305,1.41
303,1.4
303,1.4
304,1.41
303,1.4
303,1.4
302,1.4
302,1.4
303,1.4
302,1.4
302,1.4
302,1.4
302,1.4
300,1.39
303,1.4
301,1.39
303,1.4
303,1.4
301,1.39
303,1.4
302,1.4
301,1.39
298,1.38
297,1.37
296,1.37
294,1.36
294,1.36
292,1.35
291,1.35
289,1.34
282,1.3
284,1.31
282,1.3
273,1.26
385,1.78
263,1.22
278,1.29
252,1.17
244,1.13
239,1.11
233,1.08
228,1.05
221,1.02
220,1.02
215,0.99
211,0.98
205,0.95
203,0.94
200,0.92
197,0.91
195,0.9
193,0.89
192,0.89
188,0.87
188,0.87
183,0.85
178,0.82
172,0.8
166,0.77
166,0.77
158,0.73
151,0.7
147,0.68
142,0.66
134,0.62
128,0.59
121,0.56
115,0.53
111,0.51
106,0.49
104,0.48
102,0.47
97,0.45
97,0.45
95,0.44
92,0.43
91,0.42
90,0.42
85,0.39
88,0.41
86,0.4
88,0.41
86,0.4
89,0.41
88,0.41
90,0.42
86,0.4
86,0.4
86,0.4
86,0.4
89,0.41
87,0.4
88,0.41
86,0.4
86,0.4
85,0.39
87,0.4
86,0.4
88,0.41
91,0.42
89,0.41
91,0.42
89,0.41
111,0.51
1023,4.73
94,0.43
94,0.43
97,0.45
99,0.46
104,0.48
103,0.48
106,0.49
108,0.5
111,0.51
113,0.52
114,0.53
115,0.53
118,0.55
119,0.55
122,0.56
126,0.58
127,0.59
129,0.6
131,0.61
134,0.62
136,0.63
138,0.64
139,0.64
143,0.66
143,0.66
145,0.67
148,0.68
150,0.69
151,0.7
152,0.7
154,0.71
158,0.73
158,0.73
159,0.74
160,0.74
164,0.76
166,0.77
168,0.78
169,0.78
172,0.8
171,0.79
172,0.8
175,0.81
178,0.82
178,0.82
184,0.85
184,0.85
185,0.86
188,0.87
190,0.88
194,0.9
197,0.91
201,0.93
204,0.94
210,0.97
213,0.98
216,1
218,1.01
219,1.01
221,1.02
224,1.04
222,1.03
227,1.05
231,1.07
234,1.08
235,1.09
234,1.08
238,1.1
240,1.11
243,1.12
243,1.12
241,1.11
246,1.14
248,1.15
250,1.16
253,1.17
255,1.18
259,1.2
260,1.2
261,1.21
266,1.23
265,1.23
268,1.24
271,1.25
268,1.24
269,1.24
272,1.26
272,1.26
272,1.26
277,1.28
275,1.27
277,1.28
277,1.28
276,1.28
278,1.29
279,1.29
280,1.29
282,1.3
282,1.3
282,1.3
282,1.3
284,1.31
282,1.3
283,1.31
283,1.31
283,1.31
283,1.31
285,1.32
283,1.31
284,1.31
285,1.32
286,1.32
288,1.33
287,1.33
286,1.32
288,1.33
288,1.33
288,1.33
289,1.34
290,1.34
290,1.34
291,1.35
290,1.34
292,1.35
294,1.36
294,1.36
295,1.36
295,1.36
296,1.37
298,1.38
300,1.39
299,1.38
302,1.4
301,1.39
304,1.41
304,1.41
308,1.42
311,1.44
310,1.43
312,1.44
310,1.43
313,1.45
315,1.46
317,1.47
319,1.47
321,1.48
320,1.48
321,1.48
324,1.5
327,1.51
326,1.51
329,1.52
329,1.52
331,1.53
335,1.55
336,1.55
338,1.56
339,1.57
342,1.58
339,1.57
344,1.59
346,1.6
347,1.6
347,1.6
350,1.62
352,1.63
353,1.63
352,1.63
354,1.64
357,1.65
356,1.65
360,1.66
360,1.66
364,1.68
368,1.7
369,1.71
368,1.7
369,1.71
374,1.73
372,1.72
371,1.72
376,1.74
376,1.74
381,1.76
382,1.77
387,1.79
390,1.8
389,1.8
395,1.83
394,1.82
396,1.83
396,1.83
402,1.86
402,1.86
404,1.87
402,1.86
404,1.87
402,1.86
404,1.87
404,1.87
402,1.86
405,1.87
403,1.86
406,1.88
400,1.85
404,1.87
404,1.87
402,1.86
402,1.86
403,1.86
403,1.86
405,1.87
401,1.85
404,1.87
403,1.86
404,1.87
407,1.88
416,1.92
419,1.94
426,1.97
438,2.03
448,2.07
455,2.1
459,2.12
472,2.18
478,2.21
483,2.23
485,2.24
493,2.28
499,2.31
505,2.33
511,2.36
515,2.38
517,2.39
525,2.43
522,2.41
526,2.43
526,2.43
531,2.46
534,2.47
535,2.47
537,2.48
542,2.51
542,2.51
545,2.52
546,2.52
550,2.54
548,2.53
551,2.55
553,2.56
557,2.58
558,2.58
563,2.6
566,2.62
567,2.62
570,2.64
572,2.64
575,2.66
576,2.66
577,2.67
578,2.67
584,2.7
588,2.72
592,2.74
592,2.74
596,2.76
596,2.76
597,2.76
599,2.77
602,2.78
605,2.8
609,2.82
608,2.81
606,2.8
610,2.82
612,2.83
613,2.83
615,2.84
618,2.86
618,2.86
622,2.88
622,2.88
623,2.88
629,2.91
630,2.91
633,2.93
634,2.93
633,2.93
635,2.94
640,2.96
1023,4.73
634,2.93
636,2.94
635,2.94
634,2.93
634,2.93
637,2.95
635,2.94
635,2.94
635,2.94
633,2.93
637,2.95
636,2.94
618,2.86
639,2.95
635,2.94
635,2.94
633,2.93
636,2.94
636,2.94
637,2.95
637,2.95
636,2.94
637,2.95
634,2.93
1023,4.73
683,3.16
667,3.08
636,2.94
635,2.94
639,2.95
640,2.96
638,2.95
639,2.95
643,2.97
651,3.01
657,3.04
670,3.1
685,3.17
697,3.22
709,3.28
711,3.29
708,3.27
721,3.33
724,3.35
766,3.54
728,3.37
732,3.38
736,3.4
743,3.44
746,3.45
746,3.45
751,3.47
751,3.47
753,3.48
753,3.48
757,3.5
755,3.49
758,3.5
765,3.54
769,3.56
771,3.56
772,3.57
775,3.58
777,3.59
781,3.61
782,3.62
788,3.64
793,3.67
794,3.67
791,3.66
794,3.67
796,3.68
800,3.7
801,3.7
801,3.7
804,3.72
806,3.73
809,3.74
807,3.73
807,3.73
812,3.75
814,3.76
815,3.77
814,3.76
814,3.76
815,3.77
818,3.78
796,3.68
823,3.81
863,3.99
819,3.79
820,3.79
821,3.8
822,3.8
822,3.8
823,3.81
826,3.82
829,3.83
827,3.82
826,3.82
828,3.83
830,3.84
830,3.84
830,3.84
832,3.85
833,3.85
831,3.84
831,3.84
832,3.85
830,3.84
832,3.85
834,3.86
837,3.87
838,3.87
838,3.87
841,3.89
837,3.87
844,3.9
846,3.91
844,3.9
848,3.92
844,3.9
846,3.91
847,3.92
847,3.92
845,3.91
849,3.93
848,3.92
847,3.92
849,3.93
848,3.92
849,3.93
851,3.93
852,3.94
853,3.94
859,3.97
852,3.94
852,3.94
854,3.95
853,3.94
852,3.94
855,3.95
858,3.97
854,3.95
857,3.96
858,3.97
856,3.96
860,3.98
863,3.99
862,3.99
862,3.99
863,3.99
864,3.99
866,4
861,3.98
865,4
868,4.01
868,4.01
869,4.02
759,3.51
895,4.14
851,3.93
872,4.03
872,4.03
876,4.05
872,4.03
875,4.05
874,4.04
876,4.05
877,4.05
877,4.05
880,4.07
880,4.07
879,4.06
882,4.08
881,4.07
882,4.08
881,4.07
883,4.08
882,4.08
884,4.09
884,4.09
882,4.08
884,4.09
884,4.09
886,4.1
885,4.09
886,4.1
886,4.1
887,4.1
886,4.1
886,4.1
890,4.12
889,4.11
891,4.12
888,4.11
890,4.12
890,4.12
891,4.12
888,4.11
890,4.12
889,4.11
890,4.12
887,4.1
891,4.12
910,4.21
892,4.12
891,4.12
913,4.22
897,4.15
891,4.12
892,4.12
874,4.04
888,4.11
890,4.12
889,4.11
890,4.12
892,4.12
891,4.12
910,4.21
906,4.19
892,4.12
848,3.92
889,4.11
889,4.11
888,4.11
921,4.26
888,4.11
879,4.06
885,4.09
844,3.9
836,3.87
804,3.72
816,3.77
831,3.84
788,3.64
859,3.97
797,3.69
800,3.7
774,3.58
805,3.72
749,3.46
871,4.03
730,3.38
683,3.16
787,3.64
741,3.43
764,3.53
761,3.52
779,3.6
753,3.48
773,3.57
746,3.45
678,3.13
778,3.6
691,3.19
755,3.49
725,3.35
749,3.46
738,3.41
732,3.38
703,3.25
726,3.36
749,3.46
732,3.38
732,3.38
729,3.37
734,3.39
741,3.43
734,3.39
750,3.47
729,3.37
729,3.37
727,3.36
726,3.36
724,3.35
722,3.34
722,3.34
719,3.32
718,3.32
716,3.31
767,3.55
713,3.3
715,3.31
790,3.65
716,3.31
713,3.3
726,3.36
711,3.29
733,3.39
709,3.28
735,3.4
757,3.5
710,3.28
739,3.42
705,3.26
704,3.26
706,3.26
704,3.26
704,3.26
701,3.24
719,3.32
746,3.45
695,3.21
693,3.2
688,3.18
687,3.18
862,3.99
678,3.13
675,3.12
674,3.12
649,3
664,3.07
666,3.08
751,3.47
686,3.17
670,3.1
731,3.38
644,2.98
666,3.08
587,2.71
632,2.92
628,2.9
621,2.87
617,2.85
638,2.95
665,3.07
662,3.06
624,2.89
595,2.75
588,2.72
597,2.76
611,2.83
580,2.68
608,2.81
588,2.72
578,2.67
576,2.66
570,2.64
564,2.61
563,2.6
576,2.66
579,2.68
551,2.55
543,2.51
578,2.67
543,2.51
637,2.95
542,2.51
540,2.5
538,2.49
537,2.48
535,2.47
534,2.47
532,2.46
530,2.45
564,2.61
529,2.45
526,2.43
526,2.43
552,2.55
545,2.52
543,2.51
520,2.4
519,2.4
554,2.56
519,2.4
522,2.41
523,2.42
564,2.61
544,2.52
546,2.52
523,2.42
531,2.46
522,2.41
520,2.4
520,2.4
525,2.43
519,2.4
593,2.74
560,2.59
524,2.42
553,2.56
520,2.4
532,2.46
520,2.4
513,2.37
581,2.69
502,2.32
496,2.29
485,2.24
476,2.2
482,2.23
470,2.17
494,2.28
433,2
429,1.98
427,1.97
422,1.95
421,1.95
415,1.92
412,1.9
408,1.89
402,1.86
399,1.84
398,1.84
396,1.83
395,1.83
393,1.82
389,1.8
388,1.79
385,1.78
397,1.84
380,1.76
371,1.72
375,1.73
304,1.41
406,1.88
329,1.52
374,1.73
344,1.59
364,1.68
364,1.68
358,1.66
361,1.67
358,1.66
357,1.65
357,1.65
356,1.65
354,1.64
357,1.65
410,1.9
423,1.96
426,1.97
346,1.6
343,1.59
340,1.57
341,1.58
337,1.56
360,1.66
363,1.68
407,1.88
413,1.91
333,1.54
332,1.54
336,1.55
329,1.52
328,1.52
325,1.5
326,1.51
322,1.49
322,1.49
322,1.49
229,1.06
400,1.85
380,1.76
317,1.47
367,1.7
344,1.59
324,1.5
316,1.46
323,1.49
317,1.47
324,1.5
319,1.47
406,1.88
322,1.49
318,1.47
320,1.48
182,0.84
342,1.58
323,1.49
460,2.13
103,0.48
348,1.61
329,1.52
296,1.37
336,1.55
298,1.38
329,1.52
304,1.41
315,1.46
118,0.55
534,2.47
326,1.51
293,1.35
333,1.54
305,1.45
296,1.37
298,1.38
112,0.52
491,2.27
314,1.45
283,1.31
319,1.47
285,1.32
313,1.45
296,1.37
298,1.38
112,0.52
491,2.27
314,1.45
308,1.42
338,1.56
300,1.39
331,1.53
302,1.4
319,1.47
165,0.76
533,2.46
294,1.36
292,1.35
327,1.51
291,1.35
324,1.5
293,1.35
313,1.45
305,1.41
589,2.72
42,0.19
400,1.85
315,1.46
375,1.73
311,1.44
288,1.33
314,1.45
300,1.39
442,2.04
63,0.29
318,1.47
320,1.48
287,1.33
324,1.5
291,1.35
315,1.46
297,1.37
306,1.41
98,0.45
494,2.28
318,1.47
287,1.33
322,1.49
284,1.31
318,1.47
290,1.34
310,1.43
118,0.55
549,2.54
381,1.76
1023,4.73
324,1.5
420,1.94
336,1.55
435,2.01
315,1.46
326,1.51
335,1.55
424,1.96
380,1.76
340,1.57
373,1.72
320,1.48
320,1.48
331,1.53
365,1.69
324,1.5
351,1.62
319,1.47
320,1.48
320,1.48
320,1.48
318,1.47
318,1.47
322,1.49
332,1.54
318,1.47
318,1.47
320,1.48
320,1.48
322,1.49
319,1.47
318,1.47
317,1.47
317,1.47
316,1.46
421,1.95
335,1.55
321,1.48
322,1.49
323,1.49
319,1.47
423,1.96
316,1.46
317,1.47
322,1.49
409,1.89
397,1.84
323,1.49
321,1.48
431,1.99
385,1.78
319,1.47
398,1.84
396,1.83
324,1.5
320,1.48
321,1.48
344,1.59
319,1.47
320,1.48
324,1.5
321,1.48
328,1.52
318,1.47
324,1.5
323,1.49
366,1.69
326,1.51
419,1.94
368,1.7
323,1.49
320,1.48
284,1.31
320,1.48
287,1.33
301,1.39
319,1.47
320,1.48
321,1.48
320,1.48
322,1.49
297,1.37
319,1.47
322,1.49
319,1.47
318,1.47
310,1.43
321,1.48
293,1.35
315,1.46
311,1.44
320,1.48
315,1.46
320,1.48
320,1.48
318,1.47
318,1.47
317,1.47
291,1.35
299,1.38
297,1.37
321,1.48
319,1.47
322,1.49
313,1.45
318,1.47
316,1.46
320,1.48
313,1.45
320,1.48
317,1.47
321,1.48
323,1.49
319,1.47
317,1.47
320,1.48
322,1.49
330,1.53
324,1.5
328,1.52
319,1.47
321,1.48
327,1.51
349,1.61
408,1.89
330,1.53
322,1.49
322,1.49
426,1.97
315,1.46
329,1.52
317,1.47
320,1.48
318,1.47
330,1.53
315,1.46
354,1.64
323,1.49
318,1.47
326,1.51
333,1.54
320,1.48
309,1.43
305,1.41
427,1.97
316,1.46
349,1.61
320,1.48
321,1.48
317,1.47
322,1.49
322,1.49
320,1.48
317,1.47
321,1.48
318,1.47
321,1.48
320,1.48
328,1.52
298,1.38
351,1.62
334,1.54
321,1.48
320,1.48
349,1.61
445,2.06
138,0.64
319,1.47
305,1.41
310,1.43
325,1.5
316,1.46
319,1.47
320,1.48
322,1.49
318,1.47
385,1.78
325,1.5
318,1.47
315,1.46
321,1.48
319,1.47
328,1.52
319,1.47
315,1.46
402,1.86
321,1.48
306,1.41
488,2.26
352,1.63
333,1.54
338,1.56
341,1.58
347,1.6
349,1.61
346,1.6
353,1.63
356,1.65
357,1.65
358,1.66
361,1.67
362,1.67
371,1.72
370,1.71
375,1.73
373,1.72
375,1.73
435,2.01
436,2.02
378,1.75
379,1.75
379,1.75
383,1.77
382,1.77
365,1.69
404,1.87
393,1.82
394,1.82
395,1.83
397,1.84
400,1.85
399,1.84
403,1.86
397,1.84
408,1.89
408,1.89
410,1.9
409,1.89
407,1.88
411,1.9
413,1.91
416,1.92
414,1.91
416,1.92
423,1.96
421,1.95
422,1.95
424,1.96
425,1.97
428,1.98
459,2.12
478,2.21
432,2
431,1.99
432,2
450,2.08
461,2.13
456,2.11
435,2.01
442,2.04
437,2.02
441,2.04
442,2.04
446,2.06
448,2.07
448,2.07
499,2.31
452,2.09
459,2.12
459,2.12
585,2.7
526,2.43
460,2.13
462,2.14
500,2.31
538,2.49
494,2.28
467,2.16
474,2.19
481,2.22
473,2.19
493,2.28
488,2.26
478,2.21
477,2.21
477,2.21
525,2.43
479,2.21
437,2.02
478,2.21
490,2.27
478,2.21
494,2.28
480,2.22
540,2.5
568,2.63
573,2.65
476,2.2
475,2.2
476,2.2
546,2.52
476,2.2
475,2.2
500,2.31
479,2.21
479,2.21
477,2.21
476,2.2
472,2.18
479,2.21
478,2.21
477,2.21
480,2.22
481,2.22
482,2.23
482,2.23
560,2.59
507,2.34
454,2.1
538,2.49
515,2.38
517,2.39
666,3.08
584,2.7
601,2.78
547,2.53
454,2.1
440,2.03
510,2.36
492,2.27
518,2.4
523,2.42
540,2.5
529,2.45
607,2.81
490,2.27
458,2.12
563,2.6
543,2.51
568,2.63
567,2.62
580,2.68
588,2.72
590,2.73
539,2.49
587,2.71
641,2.96
599,2.77
629,2.91
622,2.88
647,2.99
638,2.95
636,2.94
610,2.82
703,3.25
721,3.33
621,2.87
676,3.13
651,3.01
656,3.03
647,2.99
649,3
557,2.58
725,3.35
745,3.44
628,2.9
677,3.13
654,3.02
673,3.11
666,3.08
677,3.13
663,3.07
761,3.52
704,3.26
640,2.96
696,3.22
672,3.11
691,3.19
683,3.16
684,3.16
698,3.23
784,3.62
653,3.02
634,2.93
715,3.31
687,3.18
720,3.33
710,3.28
708,3.27
709,3.28
807,3.73
636,2.94
613,2.83
748,3.46
695,3.21
727,3.36
710,3.28
731,3.38
724,3.35
833,3.85
603,2.79
609,2.82
788,3.64
699,3.23
749,3.46
727,3.36
742,3.43
738,3.41
750,3.47
611,2.83
744,3.44
810,3.75
704,3.26
764,3.53
722,3.34
749,3.46
745,3.44
739,3.42
592,2.74
846,3.91
825,3.81
687,3.18
769,3.56
719,3.32
780,3.61
757,3.5
774,3.58
622,2.88
866,4
842,3.89
680,3.14
770,3.56
706,3.26
753,3.48
736,3.4
743,3.44
683,3.16
867,4.01
793,3.67
683,3.16
778,3.6
747,3.45
742,3.43
742,3.43
734,3.39
742,3.43
743,3.44
688,3.18
721,3.33
704,3.26
616,2.85
676,3.13
629,2.91
640,2.96
635,2.94
613,2.83
605,2.8
596,2.76
598,2.76
592,2.74
584,2.7
577,2.67
574,2.65
569,2.63
563,2.6
559,2.58
553,2.56
573,2.65
562,2.6
560,2.59
539,2.49
539,2.49
535,2.47
527,2.44
528,2.44
518,2.4
544,2.52
537,2.48
503,2.33
500,2.31
499,2.31
493,2.28
489,2.26
489,2.26
509,2.35
582,2.69
548,2.53
536,2.48
516,2.39
521,2.41
468,2.16
465,2.15
459,2.12
454,2.1
458,2.12
456,2.11
449,2.08
450,2.08
447,2.07
444,2.05
443,2.05
441,2.04
462,2.14
477,2.21
444,2.05
431,1.99
429,1.98
504,2.33
424,1.96
416,1.92
418,1.93
415,1.92
411,1.9
411,1.9
404,1.87
399,1.84
395,1.83
391,1.81
493,2.28
388,1.79
410,1.9
368,1.7
363,1.68
353,1.63
348,1.61
346,1.6
344,1.59
429,1.98
391,1.81
335,1.55
424,1.96
375,1.73
368,1.7
362,1.67
359,1.66
355,1.64
324,1.5
360,1.66
326,1.51
307,1.42
307,1.42
307,1.42
311,1.44
310,1.43
309,1.43
311,1.44
309,1.43
307,1.42
310,1.43
311,1.44
312,1.44
352,1.63
320,1.48
310,1.43
345,1.6
307,1.42
315,1.46
269,1.24
311,1.44
311,1.44
322,1.49
388,1.79
353,1.63
469,2.17
328,1.52
299,1.38
299,1.38
291,1.35
237,1.1
284,1.31
277,1.28
275,1.27
273,1.26
265,1.23
263,1.22
261,1.21
255,1.18
251,1.16
246,1.14
245,1.13
244,1.13
240,1.11
239,1.11
235,1.09
232,1.07
238,1.1
176,0.81
119,0.55
230,1.06
186,0.86
217,1
202,0.93
206,0.95
208,0.96
191,0.88
186,0.86
184,0.85
182,0.84
173,0.8
171,0.79
166,0.77
165,0.76
163,0.75
160,0.74
150,0.69
150,0.69
148,0.68
146,0.68
145,0.67
144,0.67
140,0.65
136,0.63
136,0.63
136,0.63
131,0.61
130,0.6
125,0.58
126,0.58
125,0.58
124,0.57
123,0.57
122,0.56
118,0.55
120,0.55
120,0.55
120,0.55
120,0.55
119,0.55
127,0.59
129,0.6
126,0.58
128,0.59
129,0.6
128,0.59
121,0.56
126,0.58
177,0.82
119,0.55
118,0.55
120,0.55
117,0.54
119,0.55
140,0.65
121,0.56
268,1.24
224,1.04
138,0.64
80,0.37
166,0.77
369,1.71
1023,4.73
273,1.26
213,0.98
136,0.63
126,0.58
128,0.59
133,0.61
135,0.62
137,0.63
142,0.66
253,1.17
143,0.66
149,0.69
149,0.69
214,0.99
157,0.73
199,0.92
165,0.76
167,0.77
168,0.78
173,0.8
203,0.94
216,1
185,0.86
188,0.87
189,0.87
193,0.89
198,0.92
198,0.92
200,0.92
203,0.94
208,0.96
210,0.97
215,0.99
270,1.25
298,1.38
221,1.02
268,1.24
223,1.03
226,1.04
227,1.05
232,1.07
232,1.07
237,1.1
457,2.11
293,1.35
240,1.11
242,1.12
281,1.3
251,1.16
351,1.62
329,1.52
283,1.31
283,1.31
291,1.35
332,1.54
265,1.23
346,1.6
258,1.19
263,1.22
288,1.33
265,1.23
265,1.23
268,1.24
269,1.24
268,1.24
294,1.36
273,1.26
273,1.26
276,1.28
302,1.4
277,1.28
279,1.29
281,1.3
285,1.32
313,1.45
313,1.45
282,1.3
364,1.68
413,1.91
283,1.31
382,1.77
287,1.33
468,2.16
338,1.56
346,1.6
170,0.79
577,2.67
400,1.85
316,1.46
380,1.76
282,1.3
359,1.66
298,1.38
337,1.56
178,0.82
502,2.32
377,1.74
252,1.17
354,1.64
256,1.18
291,1.35
304,1.41
273,1.26
280,1.29
277,1.28
275,1.27
339,1.57
272,1.26
273,1.26
277,1.28
279,1.29
374,1.73
339,1.57
281,1.3
284,1.31
283,1.31
287,1.33
293,1.35
292,1.35
297,1.37
300,1.39
300,1.39
363,1.68
348,1.61
301,1.39
303,1.4
314,1.45
324,1.5
307,1.42
310,1.43
363,1.68
316,1.46
314,1.45
315,1.46
321,1.48
324,1.5
327,1.51
322,1.49
329,1.52
333,1.54
332,1.54
330,1.53
331,1.53
333,1.54
332,1.54
330,1.53
333,1.54
338,1.56
333,1.54
334,1.54
338,1.56
340,1.57
354,1.64
359,1.66
349,1.61
340,1.57
338,1.56
342,1.58
341,1.58
339,1.57
340,1.57
337,1.56
340,1.57
341,1.58
343,1.59
340,1.57
342,1.58
342,1.58
347,1.6
342,1.58
342,1.58
348,1.61
345,1.6
341,1.58
343,1.59
345,1.6
344,1.59
345,1.6
348,1.61
349,1.61
345,1.6
351,1.62
351,1.62
351,1.62
349,1.61
348,1.61
353,1.63
356,1.65
398,1.84
358,1.66
361,1.67
354,1.64
355,1.64
357,1.65
357,1.65
357,1.65
356,1.65
358,1.66
360,1.66
360,1.66
361,1.67
364,1.68
362,1.67
369,1.71
366,1.69
368,1.7
365,1.69
366,1.69
374,1.73
365,1.69
371,1.72
370,1.71
369,1.71
369,1.71
368,1.7
370,1.71
373,1.72
373,1.72
371,1.72
376,1.74
389,1.8
397,1.84
381,1.76
382,1.77
382,1.77
380,1.76
381,1.76
383,1.77
383,1.77
391,1.81
388,1.79
389,1.8
390,1.8
390,1.8
391,1.81
395,1.83
396,1.83
397,1.84
397,1.84
397,1.84
396,1.83
399,1.84
397,1.84
401,1.85
411,1.9
401,1.85
400,1.85
402,1.86
403,1.86
403,1.86
405,1.87
402,1.86
404,1.87
405,1.87
407,1.88
404,1.87
407,1.88
410,1.9
404,1.87
409,1.89
410,1.9
410,1.9
410,1.9
400,1.85
414,1.91
416,1.92
480,2.22
420,1.94
416,1.92
415,1.92
418,1.93
422,1.95
426,1.97
423,1.96
423,1.96
427,1.97
430,1.99
431,1.99
435,2.01
438,2.03
440,2.03
440,2.03
436,2.02
436,2.02
442,2.04
454,2.1
441,2.04
443,2.05
446,2.06
503,2.33
454,2.1
444,2.05
449,2.08
449,2.08
448,2.07
451,2.09
452,2.09
455,2.1
454,2.1
456,2.11
454,2.1
454,2.1
461,2.13
454,2.1
456,2.11
462,2.14
460,2.13
464,2.15
462,2.14
468,2.16
464,2.15
478,2.21
461,2.13
465,2.15
465,2.15
466,2.15
463,2.14
468,2.16
462,2.14
462,2.14
463,2.14
463,2.14
460,2.13
461,2.13
460,2.13
461,2.13
540,2.5
450,2.08
452,2.09
1023,4.73
1023,4.73
1023,4.73
443,2.05
442,2.04
444,2.05
1023,4.73
1023,4.73
433,2
1023,4.73
1023,4.73
419,1.94
1023,4.73
1023,4.73
426,1.97
401,1.85
411,1.9
394,1.82
411,1.9
413,1.91
412,1.9
445,2.06
411,1.9
411,1.9
407,1.88
413,1.91
406,1.88
408,1.89
403,1.86
403,1.86
403,1.86
394,1.82
394,1.82
370,1.71
394,1.82
398,1.84
397,1.84
392,1.81
405,1.87
402,1.86
404,1.87
403,1.86
403,1.86
404,1.87
411,1.9
410,1.9
417,1.93
417,1.93
381,1.76
435,2.01
442,2.04
453,2.09
461,2.13
466,2.15
470,2.17
473,2.19
475,2.2
481,2.22
480,2.22
486,2.25
487,2.25
491,2.27
492,2.27
488,2.26
491,2.27
494,2.28
495,2.29
494,2.28
497,2.3
497,2.3
498,2.3
501,2.32
495,2.29
501,2.32
496,2.29
499,2.31
501,2.32
499,2.31
504,2.33
502,2.32
504,2.33
507,2.34
505,2.33
505,2.33
586,2.71
626,2.89
511,2.36
486,2.25
456,2.11
518,2.4
474,2.19
512,2.37
514,2.38
518,2.4
516,2.39
520,2.4
581,2.69
478,2.21
531,2.46
520,2.4
528,2.44
521,2.41
521,2.41
521,2.41
514,2.38
520,2.4
517,2.39
519,2.4
518,2.4
520,2.4
520,2.4
521,2.41
523,2.42
522,2.41
522,2.41
527,2.44
525,2.43
525,2.43
533,2.46
529,2.45
532,2.46
536,2.48
531,2.46
538,2.49
537,2.48
539,2.49
542,2.51
544,2.52
542,2.51
545,2.52
544,2.52
545,2.52
550,2.54
545,2.52
550,2.54
547,2.53
549,2.54
552,2.55
556,2.57
555,2.57
554,2.56
554,2.56
550,2.54
555,2.57
556,2.57
555,2.57
555,2.57
557,2.58
554,2.56
557,2.58
560,2.59
555,2.57
556,2.57
556,2.57
558,2.58
559,2.58
558,2.58
561,2.59
558,2.58
561,2.59
561,2.59
559,2.58
561,2.59
561,2.59
564,2.61
561,2.59
566,2.62
562,2.6
565,2.61
568,2.63
566,2.62
564,2.61
564,2.61
565,2.61
565,2.61
570,2.64
667,3.08
414,1.91
483,2.23
566,2.62
571,2.64
568,2.63
570,2.64
571,2.64
566,2.62
566,2.62
449,2.08
597,2.76
630,2.91
540,2.5
588,2.72
578,2.67
579,2.68
578,2.67
570,2.64
484,2.24
641,2.96
629,2.91
584,2.7
604,2.79
570,2.64
595,2.75
582,2.69
588,2.72
584,2.7
676,3.13
674,3.12
561,2.59
607,2.81
581,2.69
598,2.76
589,2.72
593,2.74
590,2.73
667,3.08
596,2.76
563,2.6
604,2.79
596,2.76
600,2.77
583,2.7
595,2.75
606,2.8
600,2.77
602,2.78
600,2.77
602,2.78
600,2.77
601,2.78
602,2.78
604,2.79
601,2.78
601,2.78
602,2.78
599,2.77
620,2.87
571,2.64
609,2.82
585,2.7
597,2.76
610,2.82
603,2.79
615,2.84
624,2.89
655,3.03
601,2.78
602,2.78
600,2.77
605,2.8
606,2.8
620,2.87
624,2.89
638,2.95
646,2.99
656,3.03
669,3.09
676,3.13
684,3.16
687,3.18
695,3.21
693,3.2
700,3.24
702,3.25
707,3.27
707,3.27
709,3.28
713,3.3
714,3.3
717,3.32
722,3.34
725,3.35
728,3.37
734,3.39
736,3.4
738,3.41
746,3.45
752,3.48
755,3.49
756,3.5
762,3.52
767,3.55
765,3.54
771,3.56
773,3.57
776,3.59
779,3.6
780,3.61
784,3.62
787,3.64
787,3.64
787,3.64
796,3.68
801,3.7
800,3.7
805,3.72
809,3.74
810,3.75
816,3.77
824,3.81
828,3.83
832,3.85
832,3.85
833,3.85
841,3.89
1023,4.73
838,3.87
847,3.92
1023,4.73
849,3.93
1023,4.73
853,3.94
858,3.97
857,3.96
861,3.98
858,3.97
860,3.98
862,3.99
864,3.99
909,4.2
837,3.87
865,4
851,3.93
864,3.99
855,3.95
857,3.96
842,3.89
911,4.21
870,4.02
960,4.44
850,3.93
803,3.71
777,3.59
750,3.47
721,3.33
697,3.22
702,3.25
618,2.86
578,2.67
597,2.76
576,2.66
564,2.61
544,2.52
527,2.44
514,2.38
532,2.46
482,2.23
466,2.15
458,2.12
447,2.07
439,2.03
416,1.92
409,1.89
398,1.84
391,1.81
331,1.53
373,1.72
401,1.85
352,1.63
368,1.7
352,1.63
355,1.64
339,1.57
336,1.55
255,1.18
378,1.75
378,1.75
317,1.47
348,1.61
330,1.53
344,1.59
336,1.55
334,1.54
268,1.24
409,1.89
394,1.82
308,1.42
355,1.64
327,1.51
347,1.6
338,1.56
340,1.57
338,1.56
410,1.9
298,1.38
300,1.39
351,1.62
322,1.49
344,1.59
333,1.54
339,1.57
334,1.54
403,1.86
278,1.29
286,1.32
355,1.64
325,1.5
344,1.59
325,1.5
335,1.55
329,1.52
368,1.7
250,1.16
316,1.46
361,1.67
314,1.45
344,1.59
318,1.47
336,1.55
325,1.5
332,1.54
245,1.13
382,1.77
379,1.75
305,1.41
347,1.6
324,1.5
336,1.55
325,1.5
338,1.56
249,1.15
412,1.9
392,1.81
298,1.38
354,1.64
324,1.5
340,1.57
320,1.48
322,1.49
321,1.48
418,1.93
256,1.18
248,1.15
309,1.43
267,1.23
290,1.34
264,1.22
278,1.29
266,1.23
355,1.64
158,0.73
178,0.82
266,1.23
215,0.99
248,1.15
219,1.01
231,1.07
226,1.04
224,1.04
97,0.45
210,0.97
243,1.12
215,0.99
212,0.98
210,0.97
206,0.95
205,0.95
202,0.93
198,0.92
198,0.92
199,0.92
194,0.9
194,0.9
193,0.89
191,0.88
188,0.87
190,0.88
185,0.86
185,0.86
183,0.85
184,0.85
177,0.82
180,0.83
175,0.81
174,0.8
175,0.81
171,0.79
170,0.79
169,0.78
171,0.79
167,0.77
169,0.78
169,0.78
169,0.78
169,0.78
168,0.78
168,0.78
166,0.77
165,0.76
166,0.77
163,0.75
162,0.75
161,0.74
156,0.72
157,0.73
153,0.71
153,0.71
152,0.7
147,0.68
148,0.68
144,0.67
146,0.68
141,0.65
142,0.66
138,0.64
138,0.64
135,0.62
131,0.61
131,0.61
131,0.61
130,0.6
127,0.59
126,0.58
127,0.59
124,0.57
124,0.57
120,0.55
120,0.55
120,0.55
121,0.56
120,0.55
121,0.56
120,0.55
122,0.56
119,0.55
121,0.56
120,0.55
122,0.56
120,0.55
120,0.55
120,0.55
119,0.55
121,0.56
119,0.55
121,0.56
120,0.55
120,0.55
118,0.55
120,0.55
121,0.56
119,0.55
119,0.55
122,0.56
121,0.56
119,0.55
116,0.54
116,0.54
111,0.51
106,0.49
99,0.46
94,0.43
88,0.41
84,0.39
82,0.38
81,0.37
36,0.17
77,0.36
79,0.37
75,0.35
74,0.34
72,0.33
69,0.32
67,0.31
69,0.32
68,0.31
66,0.31
67,0.31
66,0.31
64,0.3
64,0.3
64,0.3
64,0.3
61,0.28
64,0.3
65,0.3
66,0.31
64,0.3
65,0.3
65,0.3
64,0.3
64,0.3
65,0.3
64,0.3
65,0.3
64,0.3
67,0.31
66,0.31
66,0.31
65,0.3
65,0.3
65,0.3
68,0.31
68,0.31
69,0.32
67,0.31
68,0.31
68,0.31
68,0.31
69,0.32
70,0.32
70,0.32
71,0.33
70,0.32
70,0.32
71,0.33
73,0.34
75,0.35
74,0.34
76,0.35
77,0.36
78,0.36
78,0.36
79,0.37
78,0.36
80,0.37
80,0.37
82,0.38
82,0.38
84,0.39
83,0.38
83,0.38
87,0.4
85,0.39
87,0.4
89,0.41
94,0.43
90,0.42
90,0.42
91,0.42
91,0.42
91,0.42
93,0.43
92,0.43
93,0.43
94,0.43
94,0.43
95,0.44
94,0.43
95,0.44
95,0.44
94,0.43
95,0.44
95,0.44
97,0.45
95,0.44
97,0.45
96,0.44
97,0.45
96,0.44
97,0.45
97,0.45
96,0.44
97,0.45
96,0.44
98,0.45
98,0.45
97,0.45
96,0.44
97,0.45
96,0.44
98,0.45
99,0.46
98,0.45
223,1.03
167,0.77
105,0.49
99,0.46
110,0.51
98,0.45
152,0.7
102,0.47
99,0.46
96,0.44
96,0.44
98,0.45
98,0.45
98,0.45
98,0.45
97,0.45
98,0.45
98,0.45
97,0.45
97,0.45
97,0.45
95,0.44
98,0.45
98,0.45
98,0.45
98,0.45
99,0.46
99,0.46
107,0.49
104,0.48
104,0.48
103,0.48
103,0.48
103,0.48
104,0.48
105,0.49
102,0.47
104,0.48
106,0.49
107,0.49
105,0.49
105,0.49
104,0.48
105,0.49
105,0.49
107,0.49
106,0.49
149,0.69
149,0.69
163,0.75
109,0.5
100,0.46
100,0.46
161,0.74
145,0.67
1023,4.73
1023,4.73
1023,4.73
1023,4.73
528,2.44
297,1.37
329,1.52
361,1.67
180,0.83
921,4.26
902,4.17
309,1.43
148,0.68
99,0.46
463,2.14
596,2.76
837,3.87
145,0.67
1023,4.73
972,4.49
108,0.5
108,0.5
104,0.48
106,0.49
105,0.49
98,0.45
97,0.45
1023,4.73
105,0.49
98,0.45
97,0.45
95,0.44
98,0.45
96,0.44
97,0.45
96,0.44
96,0.44
97,0.45
96,0.44
99,0.46
126,0.58
97,0.45
96,0.44
96,0.44
94,0.43
96,0.44
94,0.43
92,0.43
92,0.43
91,0.42
93,0.43
93,0.43
92,0.43
89,0.41
89,0.41
88,0.41
87,0.4
84,0.39
84,0.39
77,0.36
87,0.4
121,0.56
80,0.37
82,0.38
82,0.38
76,0.35
78,0.36
79,0.37
81,0.37
111,0.51
83,0.38
49,0.23
76,0.35
77,0.36
76,0.35
79,0.37
76,0.35
76,0.35
72,0.33
45,0.21
62,0.29
108,0.5
70,0.32
75,0.35
71,0.33
71,0.33
70,0.32
70,0.32
58,0.27
127,0.59
100,0.46
38,0.18
76,0.35
62,0.29
62,0.29
64,0.3
56,0.26
58,0.27
154,0.71
0,0
25,0.12
97,0.45
28,0.13
43,0.2
38,0.18
30,0.14
29,0.13
18,0.08
0,0
95,0.44
43,0.2
0,0
30,0.14
6,0.03
14,0.06
14,0.06
11,0.05
14,0.06
40,0.18
0,0
34,0.16
15,0.07
7,0.03
6,0.03
7,0.03
7,0.03
7,0.03
7,0.03
6,0.03
7,0.03
7,0.03
7,0.03
7,0.03
7,0.03
7,0.03
7,0.03
7,0.03
6,0.03
5,0.02
4,0.02
3,0.01
3,0.01
2,0.01
3,0.01
2,0.01
2,0.01
2,0.01
2,0.01
2,0.01
2,0.01
1,0
2,0.01
3,0.01
2,0.01
3,0.01
2,0.01
3,0.01
3,0.01
4,0.02
4,0.02
4,0.02
4,0.02
5,0.02
5,0.02
8,0.04
8,0.04
8,0.04
10,0.05
12,0.06
12,0.06
14,0.06
19,0.09
18,0.08
19,0.09
20,0.09
21,0.1
21,0.1
23,0.11
24,0.11
25,0.12
25,0.12
24,0.11
77,0.36
266,1.23
114,0.53
122,0.56
88,0.41
86,0.4
52,0.24
61,0.28
31,0.14
57,0.26
76,0.35
31,0.14
30,0.14
29,0.13
30,0.14
30,0.14
31,0.14
30,0.14
30,0.14
29,0.13
29,0.13
30,0.14
29,0.13
30,0.14
29,0.13
29,0.13
30,0.14
30,0.14
30,0.14
29,0.13
31,0.14
29,0.13
196,0.91
29,0.13
32,0.15
30,0.14
29,0.13
29,0.13
29,0.13
30,0.14
29,0.13
31,0.14
30,0.14
30,0.14
30,0.14
30,0.14
30,0.14
30,0.14
30,0.14
29,0.13
29,0.13
29,0.13
30,0.14
30,0.14
29,0.13
30,0.14
30,0.14
28,0.13
30,0.14
30,0.14
30,0.14
153,0.71
140,0.65
142,0.66
145,0.67
145,0.67
141,0.65
33,0.15
43,0.2
36,0.17
99,0.46
50,0.23
134,0.62
55,0.25
138,0.64
56,0.26
86,0.4
55,0.25
51,0.24
50,0.23
52,0.24
51,0.24
50,0.23
52,0.24
51,0.24
54,0.25
60,0.28
95,0.44
128,0.59
108,0.5
