Timestamp,Iterations,LowAlpha,LowAlphaPhase,HighAlpha,HighAlphaPhase,LowBeta,LowBetaPhase,HighBeta,HighBetaPhase,LowGamma,LowGammePhase,HighGamma,HighGammaPhase,EyeStatus
32.95378541946411,301,2881.5392168072467,1.2105544129788532,1669.9916032894362,-0.3250245568804977,1155.9060283861772,0.48929536498568477,992.5767226762887,0.0679910860468574,701.9061896993703,0.28349148908760535,622.5297915324168,0.2580339712469532,XXXXXX
33.05434441566467,302,2984.0982714899665,0.20720999941026452,1684.604414481021,0.3763316351635497,921.5096416305093,0.9800610247173382,963.962637138591,0.8215764757809746,689.5740935876415,-0.09043810779029765,588.7659211352451,-0.1294070566479759,XXXXXX
33.16218400001526,303,3190.2987466849727,2.455435592486934,1673.4417421455755,0.9958111180482492,919.1454455201635,-0.989031315818534,917.6208447644445,0.6022098915548877,694.4135460021154,0.20954849453568428,593.9419917332841,0.5080569351084981,XXXXXX
33.25381684303284,304,1693.331684449848,1.3965401880892803,1594.9570218661036,0.7066276267700896,1086.3562194823485,1.1251701409280357,1049.161472504597,0.27188192055250643,768.9966041840606,0.28191689310136286,698.5964898659245,0.05338662777194567,XXXXXX
33.363810539245605,305,2884.9850867540945,-2.3609102562557913,2001.538586829158,-1.387434882626523,1242.076731110102,-0.01298460510653121,965.2382220046675,0.3434679627965976,596.5248242720817,0.03623931514065663,602.7417987049597,0.4236220445436136,XXXXXX
33.455037355422974,306,2884.4184065961663,-0.1618715382964726,2001.965804508638,-0.759022119548249,1241.3777501989955,0.6147483232935583,965.6643693084419,0.4403669075162063,596.6261276435248,-0.24926561019906887,602.817622237765,-0.23715665500298755,XXXXXX
33.562915563583374,307,4526.765195891522,2.2293370460072017,1907.3381335104916,-0.5510247015274478,1613.9399017528267,-2.1815500421011853,1055.0694874283922,-0.365506544149468,651.3063926938572,-0.4542370798680812,653.9980529376278,0.057303411977802025,XXXXXX
33.662909746170044,308,5018.679030281892,1.1937367272709707,1209.222231870158,-2.257268635279336,1471.0647794092858,0.3310440993913819,1043.8199283383385,-0.2274027285444889,653.9823233379358,0.5427304316024464,661.566686772606,0.46611503747956506,XXXXXX
33.76247239112854,309,4607.129388810614,0.16879055880805072,1843.7253424029839,-1.1771049985627602,1508.5402753867463,1.266097864320074,1165.5631905018852,-0.12501243103100623,694.0674261220764,0.17295463261046817,673.9004930708387,0.4128604463962922,XXXXXX
33.861621618270874,310,4603.28730170308,-0.7739046425525242,1675.7656322035918,-0.3164970310761468,1570.584441377568,0.5234141777280618,1168.5642572461363,0.4585055823609394,724.6756846015312,0.38732516220457724,680.6936968397277,0.41643464910969685,XXXXXX
33.963064432144165,311,4632.210383907577,1.4018046276205933,1748.0940593289215,0.5070342781072418,1612.1212779378316,-1.1298803119390652,1117.9072734003314,0.5103157955819341,735.5293947025472,0.10109642299625729,679.416790694428,0.43581106693922284,XXXXXX
34.062785625457764,312,4813.915360411515,0.47266789840026746,2038.193367408132,-0.9333716689383899,1431.9491586748,0.8944233097261456,1140.7519248184112,-0.35881057393270527,701.3023346044115,-0.5930289076387524,655.1053311986243,-0.4585613130683532,XXXXXX
34.16284990310669,313,4758.125708073332,-0.43689474965041186,2182.362011282098,-0.3438966949423719,1484.0976335662826,0.25135571700737785,1129.714339150612,-0.3453458675401102,712.1093384277411,-0.329465986559333,658.6381783143295,-0.12131962612047449,XXXXXX
34.26338219642639,314,4235.4047009574715,-1.388777342115971,2469.122379445553,-1.9601294624381407,1362.59872717397,-0.20892142049955167,1026.005481731411,-0.46614516681318807,628.767811054114,0.14739901309176207,592.0753737990827,-0.2384864330008103,XXXXXX
34.363269567489624,315,2173.0994246337386,2.4253619259386623,3510.383429423998,2.0694196036742256,1156.8257219543625,-1.0178598395799354,934.8443371480623,1.1224261924200212,775.9433609932872,0.005107799334927291,678.9766017539104,1.1209160922443584,XXXXXX
34.470383167266846,316,1618.11045410201,1.0407942490452082,3199.9395168778688,2.47469399913528,751.2550765139633,1.414269066687961,1052.2937088922415,-0.2974437255310217,532.1630052608481,-0.09999808945837599,565.7104114348472,0.302539669908116,XXXXXX
34.56267595291138,317,4438.2083139367605,-0.25694538962697133,2039.445837188009,-0.5865902857724171,1828.013571430412,0.9658974554455835,1153.9564915623416,1.1340498640559522,783.9416872699535,0.9243194702543464,686.8575192263709,0.6538581988478566,XXXXXX
34.67710876464844,318,5858.0062423944855,-1.3868077628279196,2394.3771130011714,-0.14818425519548614,1675.812431904157,-0.05170970074394252,1001.4912498828756,0.22645095782517918,613.99341959781,-0.0871356165085528,555.4739795492491,-0.5049269500299204,XXXXXX
34.761876583099365,319,5237.590239762669,-2.090333241862051,2792.4536756972952,0.43718183980543346,1474.7207391721745,-0.6343737355894388,1044.2857379146374,-0.6039137787733685,659.7150471434808,-0.5154267275020347,586.5381872439368,-0.5596176996810884,XXXXXX
34.87804126739502,320,5161.3315396199,0.1464435889805078,2134.2200267176754,0.9769003110796085,1685.337308937938,-0.15301125546148353,1007.9330520299466,0.03979755060387092,594.4666216994425,0.37435207203184023,531.5762377448702,-0.11152362924187137,XXXXXX
34.971646308898926,321,4999.219835260405,-0.6778500810207652,1576.461349339538,-0.8078984349297285,1722.204924322834,-0.7662331029744479,1097.5403632958976,-0.2744216924188587,651.817203710489,0.6841298392809448,586.0320199878244,0.36597902587246933,XXXXXX
35.07935905456543,322,5110.655160311015,-1.6915381621842585,1965.2523428258776,-0.4024778825774313,1697.0630669364114,-0.22166074221907733,1004.4718632868983,-0.22030171022672598,633.0135243658876,-0.008087558001678354,626.5899023044485,-0.21625948714833443,XXXXXX
35.17187786102295,323,5093.712388420107,0.532566829241718,1663.995250773014,0.22037434524236552,1782.0912265005045,-0.8777165460127472,990.6447959537317,-0.04492130543687175,623.1347552123974,-0.2941618909973437,630.3046374734109,-0.1861855797978958,XXXXXX
35.28101396560669,324,4679.282707404984,-0.34597806818725063,2011.3551702145649,0.711996310907896,1763.335337404476,-0.2697974161733033,1027.598865574721,-0.3390806126125125,630.1161247522648,0.49656074762623226,661.1672958592497,0.047662844052928775,XXXXXX
35.38058686256409,325,3950.3829601273746,2.093725876222313,1773.600272759807,1.0509967825597402,1639.4295070994976,0.29685661205544783,833.9916123909084,0.3863022996843683,760.1963613205797,0.315415640331089,776.1860499181556,0.15132682651855553,XXXXXX
35.48041009902954,326,4341.92372104393,1.488163026376828,1528.1383476163971,-1.5554584180915842,1483.6235783056266,1.0242931527943984,804.7846011115569,0.6482807142875855,635.7567842686063,0.544558307165971,668.0248131634078,0.7101791145883385,XXXXXX
35.579801082611084,327,2681.2407990937527,1.0188144668610755,1848.990972642758,-1.4723016511622582,1166.7894423379487,-0.24094100138181243,782.2020356419087,-0.9831413108831767,599.2984489363121,-0.36350286571060836,589.344641993854,-0.3185872585308366,XXXXXX
35.67163395881653,328,3076.037462155253,0.41234615010983366,1299.1768669663732,-2.0626271877568834,1106.6220416423923,-0.9378462898458609,620.1489327082257,-0.5026217167315703,556.6009109403379,1.6217747821132413,548.1211904033925,0.9980467265042394,XXXXXX
35.77907156944275,329,3227.2217776812267,-1.5673920649756392,3419.655145099217,-1.5156044495543632,948.1402958871028,-0.2801396493513961,920.1197085052331,1.1643821798732312,652.3999376847532,-0.9396761173465591,628.8357106228568,-0.19873650735635504,XXXXXX
35.87943434715271,330,2753.394369276788,-2.30991463621155,3260.661777392303,-0.9406124448608933,1147.7416683823594,-1.573825248413228,1104.504412756931,-0.7260832302983995,762.1075682364313,-0.6323277851802281,725.6348840494986,-0.4498097811078108,XXXXXX
35.98881220817566,331,4606.484708794467,1.8582161120188,1836.350498492254,0.18255861145183797,1332.196038173935,-1.2528374977186147,936.224675296467,0.38564461604692113,659.2795788038515,-1.691181231187654,688.3048382794157,-0.03681261204985364,XXXXXX
36.087005376815796,332,4082.686178119394,1.09305145439925,2260.0024179827474,-1.0701615692022866,992.5369786597925,0.03735436263168133,1035.264660623284,0.11353341443340254,573.6459702198632,-0.4631316373106909,618.5071492622707,-0.28584126720709346,XXXXXX
36.18594002723694,333,4241.1391879893245,0.14114915360272584,1948.5216250159217,-0.5669641256056757,1052.8759193494193,0.31523596496882816,1009.8150115286686,0.19021340374196527,565.5643354145683,-0.21231293612020605,636.8072681577793,-0.007766720126827372,XXXXXX
36.285361528396606,334,4282.871308994889,-0.7850948075350044,1838.7542909357799,-0.05895272714573924,1083.4901588025318,-0.5747678190319002,984.4622309390727,0.2873775670465249,560.0273390385428,0.08988237794906956,621.7316898971897,0.3889408658536964,XXXXXX
36.385579347610474,335,4378.180379324084,1.425023068820768,2101.0355064284577,-1.6457961217760138,996.4255471691856,-0.3247934428949585,1050.9115076971864,0.7576380923294133,540.6812310889367,-0.3945355176157506,619.752111608362,-0.3389930884654418,XXXXXX
36.48691177368164,336,4259.729348179053,0.5207661438577617,2151.3783968925522,-1.0308615418365978,1026.1272398543988,1.4995232143963415,1010.7957841361142,-0.18304183759161438,575.8504720234831,-0.7032187564934079,622.7223582145211,-0.01098269122740346,XXXXXX
36.59423089027405,337,4386.869287500097,-0.45921974238771057,2050.408098528566,-2.354311336599047,1089.764419215698,-0.22145366579991266,997.8526306514783,-0.5405881774827622,595.0315279087836,-0.38094787339962716,587.4810551526483,0.03173499534597893,XXXXXX
36.678221464157104,338,4099.811907258514,-1.3877162046358618,1920.6040152284804,-1.810314355656984,1202.0684440615278,0.5060763960140229,1006.8433035736441,-0.46550822192449715,604.342452612994,-0.025928252385853775,570.7007414998802,-0.1680560334060606,XXXXXX
36.79436492919922,339,3273.5790328081866,2.893754343405186,2632.604715953902,2.0298678051238515,1457.7163882945515,-1.5602828085593496,1060.8718815151024,-0.5537762178609984,639.5263566540997,-0.9266606485648712,676.3485948781554,-0.6668699697144685,XXXXXX
36.87914443016052,340,3270.7542581055677,1.9514043865369635,2630.734104085845,2.6579902108016022,1457.4371584660555,0.3247416307488707,1059.8990302428504,-0.4577345980232418,640.0501814620852,0.5077151978500299,677.0216991493639,-0.001765006360989728,XXXXXX
36.99581289291382,341,3404.5316132032153,0.14242839393860948,1859.808144984653,0.177573278275961,1787.9979814765707,0.9159068016839278,1142.552296468584,0.45611894752602883,624.0030019075805,-0.20500647762241178,604.3711621406301,-0.1842421976485953,XXXXXX
37.08674955368042,342,4746.222043548065,-0.415683277294013,2557.8470015985677,1.0320285829393518,2133.6240232707733,-1.1228186749789106,1262.9617715792583,0.09822327515039538,622.9406465247049,-0.6321837326794474,701.7815028037894,-0.20491823799168088,XXXXXX
37.19418215751648,343,4464.718055590893,-1.3012696319709787,3082.593917017433,1.61561918481718,2190.426191580552,0.7995312334535766,1358.5724392563534,0.33650127960919574,716.4547631224223,-0.3383183881238292,713.6043034197035,-0.17634917354146004,XXXXXX
37.29315948486328,344,4697.310945114972,0.8770512135867402,2967.7133510699837,0.20011942663869334,2166.6894961423636,0.15094598005709914,1337.6143168572587,-0.09606907107200363,687.8844411915326,-0.5819367749051099,695.719364343857,0.14288874759693154,XXXXXX
37.395917892456055,345,4581.119713651133,-0.09084469992755129,2562.8740166320003,0.7056986213820956,2143.3702890938343,0.7369280987684748,1278.5097264278031,0.5839002390493518,641.120083203955,-0.2880307629889222,676.6102518366911,0.2400710337455281,XXXXXX
37.495627880096436,346,4514.7298451832285,-0.9660528407840425,2876.69838994061,1.3234912096647553,2183.2806092527794,-1.1706207515874936,1321.3250202766112,-0.3600037093868477,633.642564596832,-0.7163574308986225,660.117099829052,-0.13055935454651105,XXXXXX
37.59315228462219,347,4378.841690756613,-2.0053978879044534,2919.234903942693,-0.05665550102156162,2213.015611274834,-0.5521774420142606,1328.7185994058407,-0.2648519723321832,608.9382653200021,0.3781479565075182,703.738246560926,0.5530679533283728,XXXXXX
37.69437074661255,348,4799.857922626003,0.3620259639191461,2266.2285520897954,0.550070596608576,2473.4105379493153,0.04805668803770965,1362.5242277031366,-0.11631764612766861,601.7623000959572,-0.04918545984208878,665.3688119836278,0.39087558699948977,XXXXXX
37.80106472969055,349,3812.6607200724197,2.4092755654340885,2291.1493006654687,-0.9286298606222404,2391.1153419408215,0.6323851156790787,1265.725483315,1.4900097755092137,744.4539941129907,0.7147831294582015,717.624292390502,0.5169410795117355,XXXXXX
37.901461362838745,350,3854.5485741496855,1.7301404471364126,2275.7447943079865,0.18537722865464726,2251.416140118451,-0.0007719613388587731,1175.960472544836,1.0178228438065633,565.4985332146841,0.4873085970937868,587.1763256601656,0.2179722431962757,XXXXXX
38.00268626213074,351,1763.0455952880245,1.2849968363445514,1365.8543577648552,-0.1022204250952931,1417.812913811231,0.3058984230701941,793.5038087166229,0.05829174025542508,726.2171526331346,0.25472673064645934,739.6304333649751,0.19378854488971278,XXXXXX
38.10155725479126,352,652.3790059458079,1.9727753009268572,966.9195065090174,0.16283898531958085,1139.3827696335015,0.5546786617436956,452.7932175160713,-0.34652285657814363,444.7084239815902,0.7640683431864485,435.65139000345,0.6105373907176301,XXXXXX
38.19413089752197,353,1472.9334956690905,2.01858261434071,838.9848964079016,1.6012656030628951,1176.3229185450518,0.054848432655234494,427.9838308468669,0.24583510144477322,433.4699709831257,0.554602476545941,405.074370781914,0.33344228206316007,OOOOOO
38.304299116134644,354,2131.4507302304237,0.469983502742515,1017.7143285494825,-1.0910338981919534,1716.9417506487305,-1.6441396910726187,747.0405778623443,-0.2018085866394156,540.9229316521009,-0.15193838140109664,501.94232630232773,-0.05265272424545522,OOOOOO
38.39523673057556,355,3142.9410858742663,-0.2750618886105225,1420.853104727608,-0.8023228257252514,1424.081042798653,-1.118277889223499,830.1526083211678,0.023485540361144277,556.264553005617,-0.17852970941685728,514.096520042947,-0.24944610228812336,OOOOOO
38.495129346847534,356,4405.148054204954,-1.2686789172378468,1780.0393555926094,-0.7914363302339891,1455.0241775487764,1.8877378845369956,1045.746742454272,-0.353625926428603,712.1051519404383,-0.2030531118013698,645.0724139094721,0.042459718194789955,OOOOOO
38.61020588874817,357,3818.3763844324753,-2.0397644716044123,2078.0264605645743,0.09231599280756674,1547.0590799364682,-1.112323930193098,1035.120196487034,0.1631143507796848,676.840708139105,-0.02858655912096817,598.8302251921805,0.6718592627916865,OOOOOO
38.70136260986328,358,3699.171316633369,0.08897260644373595,1854.755123524216,0.9933497560225222,1377.2464546541241,-0.34213334780187976,1014.4600980643083,-0.22746470104390154,673.3706075614863,-0.39458840675717516,624.2930150585431,-0.41410169716161616,XXXXXX
38.80144476890564,359,3713.5905147943618,-0.8703902569604756,1899.733211249126,-0.7011066487133241,1413.4516892188294,-0.9812384177692884,1050.9413977130748,-0.8163947189020608,660.2099141350184,0.5533208656176737,585.1023710698219,0.5518894567691766,XXXXXX
38.90984606742859,360,3423.992181618405,1.3429055549310656,2130.184095465394,0.23666828390504766,1670.4279387710353,0.9829292692035022,1062.1707953494317,0.36037849120862236,684.3137766952818,0.24835457961886034,577.0328752279,0.21621431490724255,XXXXXX
39.010077476501465,361,3532.1386615574847,0.4074304784990518,2199.551659520821,0.769582492703877,1519.2988387370792,0.2557575831993437,1052.2260500822945,-0.05414952018998365,671.7568226814893,-0.010243399241625257,561.5929955371039,0.6059654048600506,XXXXXX
39.10086393356323,362,4122.194740532447,2.610312088218979,2037.4085020845298,1.5227894524162753,1552.2202649473575,-0.3776725044069128,1168.5871708072168,0.49602418722916836,733.3289165241422,-0.35079942396276703,585.625452432398,-0.40058786579867056,XXXXXX
39.201284646987915,363,3100.670190138766,1.6392912787070064,1679.510968906906,-0.2467829997999426,1674.8130979060163,0.18716946997511724,1096.7231167703708,1.0439767805119045,642.4044534095979,0.17068217740403366,560.0869215307364,0.1192950488620356,XXXXXX
39.30925512313843,364,2751.9150487383185,0.9665212876431813,1183.6840590226839,0.15431286777086908,2002.395342498367,1.9782605866891079,1056.0671368812348,0.998315648169368,753.7671052562627,-0.0748388790125095,644.8704609038347,-0.3499141144036344,XXXXXX
39.41648554801941,365,1542.5205416923466,0.08619239126053323,1018.5645783906565,-0.05801623835172961,1066.5055736666109,-1.2460747664861707,1078.164702017905,-1.6713833976299823,795.9029061785245,-1.0241550431425104,689.5297183784804,-0.5668465255619085,XXXXXX
39.51861906051636,366,795.2355268888127,-0.7382730349175266,857.2114842717338,0.6316585048479535,835.7121282690925,0.6091073858324129,667.8583148154502,0.6011325835181218,408.1830439740963,-1.1513036855371728,415.8961243902721,-1.1318467900979634,XXXXXX
39.60942459106445,367,1072.714461392283,1.6334055990822058,1028.8609403104465,1.824263044713625,1011.6500319089491,0.9047488354151874,540.9401762084567,0.746822698614976,401.91426864642204,0.7887739595797837,380.66664895277626,0.4799203936279123,XXXXXX
39.71639013290405,368,2558.7907563693507,-0.7137996185913471,1774.0936801281525,-0.09560637410206563,704.4956144156305,0.1807992994825029,1005.7739009995147,-0.3796435681369194,802.2694191212436,-0.809016794573725,694.546126336951,-0.6534277223135411,XXXXXX
39.81550931930542,369,2804.7894156907105,-1.2167654900118179,1443.3004119776967,0.4370146163512252,1492.6384012825597,-0.9700347595774913,918.802578328982,-0.5975957584907807,748.0648971398751,-0.6220829658843801,675.5062192311667,-0.032293060619514154,XXXXXX
39.91678309440613,370,2832.2588757522262,-2.6015773308641346,1582.2304608560735,0.12873581214877397,1101.5847711174247,-0.8519704253380705,994.4321942667179,0.6920686532730096,774.6833846010769,-0.3291599414957637,690.0002325543096,-0.459019655174905,XXXXXX
40.00829887390137,371,2583.5712793742414,-0.5049582035748174,1782.3666419163849,-1.3364748540149167,1054.8161449977865,0.5056428500812349,961.5024278477774,0.4351084768939125,749.9122955816773,-0.18235991052483055,660.6010007897115,-0.5281548060612087,XXXXXX
40.10936522483826,372,2665.325028366672,1.4505096871574,1892.410092031668,-0.6092732720870995,1189.5220283073493,1.0995249901576971,898.0108624084421,-0.2568602141724685,812.2713897278234,1.1408425047168342,710.9057917896502,0.7106827789780308,XXXXXX
40.209195613861084,373,2675.21199323248,0.4605344184376745,2255.6421917011926,-0.05611103607139915,1107.3766767468962,-0.8097514369952556,922.2074559161447,-0.2703009819578285,724.2226937119493,0.5964615652438217,660.3583629029622,0.4259934103059906,XXXXXX
40.316442012786865,374,3050.300532669771,-0.21990927134877292,1836.6553699576086,0.5729167462336383,1084.4742471908983,-0.298474386686108,978.3258642402236,-0.15833465530640123,701.2164937915329,0.3183468370210043,672.6850259695854,0.14114949280404188,XXXXXX
40.42450022697449,375,3604.385856652778,2.02477327123585,1731.5625063554905,-0.840154515712121,983.1187791082145,0.18282023120489027,1005.7159073653528,0.48705442907302243,736.4042462171215,0.5092824785697517,693.4351054777858,0.6741821564973929,XXXXXX
40.515973806381226,376,3556.496160567976,1.0320062519128093,1742.5672659365248,-0.291266463844373,997.667862711246,-0.46013074531414233,1014.0267914294527,0.13510668995321873,725.7914299586929,0.1989867189195742,687.978720382904,0.02002337808120598,XXXXXX
40.6250205039978,377,3500.705595464511,-0.2874693158768598,1844.5864334367507,-0.6155768163891354,1792.9819783396142,-0.9497444705926664,1054.7153063525327,-1.5532868141889666,549.154374966667,0.10310983598403672,656.8914462944379,0.44642896641877255,XXXXXX
40.71590542793274,378,1936.983288038749,-0.05358289276155659,1721.2078892133247,0.21444658496776667,913.0329557838679,1.7697978021749214,787.1429137947216,1.0510394905871308,487.1789648907819,1.002337015395616,465.397685432325,-0.03071813530790855,XXXXXX
40.8179612159729,379,2492.1458838090966,2.122081300668766,1527.0317844109643,0.7589470238661452,1486.8345831481981,1.1734077935788512,916.2234540281564,1.5182653626570697,800.8104788848407,2.0934396486494986,729.8392775513655,0.9753864477319633,XXXXXX
40.92432737350464,380,3265.639969400935,-1.605443347521589,3040.2330312583704,-0.9438821016564253,922.6672884883183,-0.23029572631002942,1003.3710291559078,-0.3813901652636277,758.8505742544789,0.6007375113246735,698.7197740563106,0.1002162716953753,XXXXXX
41.02405524253845,381,2455.2229087507785,0.5658750596642037,2468.1521375088505,-0.5482449912386375,962.2932169465087,-2.0043169509992933,1032.1686193876214,-0.5371331072127808,755.6187925170776,0.011665974732203654,677.8308181571495,-0.4633911186256534,XXXXXX
41.1251962184906,382,2416.7739090096848,-0.814224355661334,2301.654358103693,0.263773393743858,1009.1016719475931,-0.31268013484111856,1026.5498382762794,0.39361639232760726,683.5220222169106,0.8579584830534075,648.0818078606683,0.4107279766881907,XXXXXX
41.223647356033325,383,2448.723609699936,-1.720528896091243,2270.4099469032403,1.06300379480559,957.756126741165,-0.5625260596041898,1022.9797275692537,0.02966613993044402,715.1976006855749,-0.3742453669287915,693.7604294849863,-0.11497743838484194,XXXXXX
41.324223279953,384,2290.332136480035,0.5982444595331359,2278.7603454883433,-0.1883553974865184,1065.9185683045444,1.1983443338296558,933.2930853523382,-0.32747191349126553,676.941777826364,0.4121146569003397,686.1092389375104,0.1945899175447059,XXXXXX
41.43231821060181,385,2448.388223353679,-0.1656407844360397,2532.9367755276835,0.37078045783845787,1236.6882251111488,-0.15262651930216528,1006.3807715990624,0.132099734994701,793.3745683520868,1.0338963443938765,741.7206744301118,0.7447035990867391,XXXXXX
41.531113147735596,386,2416.927727806976,1.9253158384215998,2858.4828148438646,0.9487870729941985,1550.7149814506788,1.7768511676045975,1162.3972117147255,1.1279595863487912,887.4706217387765,0.24149522606659823,795.58944561515,-0.3972097037030828,XXXXXX
41.63158345222473,387,1903.7533225805018,1.0181806143609082,2900.7494341243087,-0.6032317733660729,1296.8799469258327,-0.4523766190868123,1066.097825340668,0.5767163785455929,826.0216292513745,0.1782191792969223,758.0807142102183,0.19436492316764378,XXXXXX
41.730896949768066,388,2049.7343932949325,0.48673661829534104,2646.928508885374,-0.2714837182744061,1480.8716546965627,0.2347602723904505,1098.2614889822598,0.6021279978342072,827.2356408005456,-0.09649567166042101,796.559676768962,-0.12744207202349064,XXXXXX
41.822654008865356,389,2298.83982827612,-0.9154904112220341,2843.8745221092704,-1.6295320114688006,1419.0473850793855,-0.6328175673606454,938.5073458027625,0.2454919499185129,844.562238195644,-0.9506135008698056,803.9191811690067,-0.1651894853379977,XXXXXX
41.94037127494812,390,1931.6491785262892,1.6959000472950898,2166.3406917145985,0.17323199577547435,1215.8202248795628,0.4145412184503322,712.0931463067053,0.6941398772086754,662.8731863462385,0.32787006069782926,583.5598712105533,-0.12872242561151562,XXXXXX
42.03339385986328,391,1735.0852992662128,1.2343255775349002,2075.5548485988907,0.8802606783098629,1222.2405350504441,0.697534301953308,705.9273139231627,1.0523838441419815,694.8659131910094,1.0330798998997688,578.5183535274692,0.6831581034678279,XXXXXX
42.140541076660156,392,2357.9867848592194,-2.6727205973991333,2913.569643321042,-1.7013598487965957,2671.530604334049,-0.8681071816153458,863.8031234504253,-0.4442273556370087,566.829985742322,-0.39183908765341174,665.2185016400631,-0.4027871312248718,XXXXXX
42.23586583137512,393,1992.8449507574499,2.237955511327216,2789.6054542785932,-1.4358858618415946,1805.6482630737278,-0.2114878781629327,882.997116429248,-0.013896302423206625,597.25595974681,0.06565221763673865,621.0874736403124,0.08673000264615542,XXXXXX
42.341139793395996,394,2279.188156850552,1.1036295322596577,2835.519890373647,-1.2519265871925307,1846.9687560176149,0.5352780168578211,830.1534237173613,-0.6127233366197724,603.8870434092975,0.23153660951800673,666.4196298429852,0.028115361596901083,XXXXXX
42.44122886657715,395,3238.768410167247,0.0016712617889595438,2465.8332614611586,-1.5667089531383669,2184.950815159331,-1.4322288001283838,893.3382455884141,-1.025450059318183,588.4399239630225,0.2537542026225405,684.9916531852234,0.01904239511639765,XXXXXX
42.542529582977295,396,2822.8151305326232,-0.6059951388156908,2021.782844482009,-1.900037022665516,1810.353065679075,0.2887319272502973,819.5895653058498,-0.8671465139428949,562.3012470050802,-0.08183021066755129,550.1149278773493,-0.11957416509240545,XXXXXX
42.64176344871521,397,2576.5676133491393,1.6584993595029593,2139.975024133773,-1.2490462536948377,1699.9949983074735,-0.3531105416182504,786.6376599165426,-0.4794247549310618,483.72287958287706,-0.25181169627409034,527.0179256330447,-0.2418360232409529,XXXXXX
42.742180585861206,398,2242.0462248250933,0.46254033641055925,2178.548138998302,-0.5976488861922881,1829.85957366883,-0.8891952643102009,861.61744631651,-0.9294687073218022,492.41037489602064,-0.3214775842588477,514.5341116791284,-0.1546174573006918,XXXXXX
42.842360496520996,399,2271.303019375817,0.15785505064791872,2655.1101693492387,2.012475790004467,1739.5400199642459,-0.3553509880245426,811.6612467706607,0.2916474113077615,436.07063024152995,0.7052049405310128,479.43488994498165,0.30299227351010655,XXXXXX
42.94265794754028,400,2198.7429761730505,-0.767615524125267,2632.885652264393,2.554724311182813,1699.1189059153949,0.3299619535147752,844.2232898268728,0.5150611959564387,424.1394451030452,-0.1324107916121328,465.7651002590183,-0.35530891726843583,XXXXXX
43.042909383773804,401,1743.293077046455,-1.9236959455011786,2524.984296872682,0.8738251728886194,2365.5651358074138,2.143400183394098,938.9863557869637,1.0228845371239492,340.6052422344843,0.027051236582002026,482.8093424252707,-0.3680207602319609,XXXXXX
43.14320707321167,402,430.87707339667907,-0.8834824881058543,1078.0926548416098,0.25114461046051645,960.8680911628624,-0.16943406953429738,804.1805686622956,1.1717026144369476,420.8563417857768,0.8693055326038216,385.87252326428063,0.22604403485966243,XXXXXX
43.243385553359985,403,932.800165133294,2.7359703484312687,1386.5902342602897,1.451183597054924,1166.9983935297678,1.2274138994838257,796.0522925489952,0.5465971144286222,459.3289029206588,0.5978367201242217,399.95543137701713,0.1654149882456679,OOOOOO
43.34385800361633,404,1658.9312629197875,2.3686970329404846,1574.097970837209,1.7167752820058508,917.0575475275234,1.304963962917922,783.4518618798754,0.798791267823148,458.88718646617923,-0.3310570249598984,415.21792647682275,-0.41833101096405,OOOOOO
43.449103355407715,405,1845.8343621334434,1.7566165345784237,1741.544814081126,1.772044226116763,935.6133006493203,0.5297765562540524,839.7944760314048,0.5877315268628492,506.4994147233808,0.22875141854936681,431.8304537127883,-0.2582787986374021,OOOOOO
43.54971981048584,406,1407.7104621666253,-1.7457683511342459,788.7017255059337,0.45983231630933213,705.0247688537344,-0.22572268107224797,660.090702602405,1.1102221882239935,300.0878315506113,0.7623430492305662,260.3323055343653,0.030577547440254257,OOOOOO
43.64400911331177,407,3759.060029402727,-2.524238806178781,1544.2987004180247,-1.828935919270992,1546.9512905175427,-1.4782214302236836,1122.910063835856,0.4769170134802424,478.145989343926,-0.009197063953855526,559.4105946004837,-0.5188225740483403,OOOOOO
43.74951243400574,408,2993.1845459602287,2.705924433513877,1368.5290144887833,-1.3488219489953037,1220.1212037546647,0.22607697831518606,1074.7432465393529,-0.30728227074843545,633.3409444587021,-0.060028748886628194,590.0966222028186,0.10951058506124346,XXXXXX
43.84427285194397,409,2016.7649414825412,1.5768137010373087,1915.7525838445647,-0.7275489464060145,998.2383519258532,-0.19019879451906935,917.1878677053639,-0.1319983627575934,621.2490831272012,0.14950068480004675,597.194269241348,-0.23156381003023366,XXXXXX
43.94406175613403,410,2169.963562939529,0.9307934536540473,1535.9141901334967,-0.11911738198374373,1665.7707285318738,-1.29854080103294,955.386472948449,-0.6987649735693366,683.4402383398547,-0.7567302772452525,624.8754529508669,-0.22438547416021232,XXXXXX
44.04874229431152,411,2434.716238281785,0.02104065198191818,1642.7998538115378,-1.4685374403617495,1332.5833065295415,0.12601435688054083,905.367968802319,0.11059599753019489,663.4410420538209,0.6141104368237333,625.6815645679975,0.12260298963459776,XXXXXX
44.144503355026245,412,2409.1304097016346,-0.9089681478348943,1621.4035718528282,-0.9046854987720789,1357.0054307082664,-0.35167828985887856,908.0184950554886,-0.2888977617059059,667.8013261631645,-0.1895076712588783,628.9690533392421,-0.21277606734967153,XXXXXX
44.24764943122864,413,2493.54680318803,1.259631306699149,1833.6524117023162,-0.38236175739743516,1412.10539683089,0.35067899174812733,986.0499315131462,0.011028126216740345,680.503434241734,0.05061350813384575,629.0220345131819,0.0748560848066073,XXXXXX
44.347312927246094,414,2490.250231376665,0.2827486136865144,1959.7324662339042,0.38388388350871,1505.8309382725788,-0.3414600769851355,1009.2373197622675,-0.9425270431459829,708.2763850531564,0.26864164547238184,675.6483633852932,0.12529071180752918,XXXXXX
44.44890475273132,415,2493.8638500213433,-0.6807731859775827,1618.7425101283413,0.9550082313256815,1746.7528099143517,0.3756030662325738,991.110988623605,0.20507287153903225,724.8779508119077,0.47049221079680864,694.6484484722263,0.499611737926033,XXXXXX
44.547773599624634,416,2864.522441353856,-1.6877508733546114,1820.1344095212582,-2.460099325478222,1580.7216426660405,1.0144324267148428,1034.2849712052987,-0.9608010326548195,715.8178405609756,-0.3329704844273256,691.4406837314085,-0.1551428205195032,XXXXXX
44.657238721847534,417,1185.4343489581017,0.007811062288819781,1115.052809497717,-0.03790663306756329,1059.571545281333,-0.5984686151514568,843.9017744420921,0.6798609329882356,628.7645030611772,-0.2268183968829918,552.8626439722817,-0.33312910926556316,XXXXXX
44.748507499694824,418,1683.8510363478422,2.2411267715788243,1233.8923699310149,0.2654111030028076,1303.2162851774522,-0.11159598459696322,829.7885664457096,0.13473633618475672,658.5562979050063,0.8678553567710533,565.1282757188255,0.6868271538188498,XXXXXX
44.849156618118286,419,2021.5795615581171,1.8403201672773424,1370.0101455355282,0.7006406663317623,1526.0747470559108,2.0204606953575537,687.6798751738959,-0.2384573088611508,678.7417930204084,0.660022481377461,552.0839614364913,0.7702611923224747,XXXXXX
44.9584014415741,420,2004.3874223120438,0.9518484251270973,707.1156786265857,0.9911322277848317,1265.0253961118021,-0.09625303575567071,646.5352465236494,1.2294372018054083,501.751899687418,1.0408491500426345,441.3489368297013,0.6129966586801752,XXXXXX
45.05725812911987,421,2608.7170475648463,-0.07983917497950677,1461.4964312844388,-2.539775575046408,1856.7033847686805,-1.0426641032787365,965.0497639179177,-0.6175942618271529,713.2405463910684,0.2852206611854994,768.4670773102883,0.19982025755004182,XXXXXX
45.157127380371094,422,2806.626860247526,-0.37708376033385504,1568.4924924252673,-0.5247701891373262,1465.9277308717976,-1.4840723308823782,849.5150057090622,-0.4893327312760344,674.2990387839235,0.2444324509121133,666.1196133126911,-0.2118444262868957,XXXXXX
45.25727558135986,423,1825.1178932626976,-0.8972982161316201,1957.823379093513,0.08873498025379185,1563.722454829665,2.2554129994590544,909.814981020962,-0.2503960374555771,748.8805069924707,0.7684863504447658,673.4762790878945,-0.05144498591262283,XXXXXX
45.35792636871338,424,2242.55137162693,-1.0105643681279497,1516.8099120630702,0.21922707837862787,1452.158777816293,-0.6324099833506402,922.1372410335064,-0.06622592571917713,719.2294178772825,-0.14941244451884045,658.1440410211532,-0.09975013564097807,XXXXXX
45.455052614212036,425,1954.3604393599217,0.6709818640523167,2301.6977457815324,0.9128423551938959,1194.2574900373395,0.2611417513327544,926.7827331536212,0.5247241843256574,682.157191933769,1.248039227683816,631.8775805944211,1.157015355783974,XXXXXX
45.56268310546875,426,2263.3413184083374,-0.2350414566210966,2144.2164481962077,-0.47182776576900665,1308.5804610964246,0.8758884993352707,1024.2703350242225,0.6876114827873122,733.4955539209485,0.5455715492827434,659.7311542764636,0.50497387590786,XXXXXX
45.662428855895996,427,2268.043743593953,-1.0881697924898521,2201.2990291085716,0.49393201379394064,1438.6246539740405,0.06140958850745606,1013.6515107838998,-0.27528068198467126,710.0157670145064,0.7890852120530607,646.1546248329367,0.5033418205618775,XXXXXX
45.76293969154358,428,2552.044048847082,-2.1982770484087384,2112.4761478537453,1.1089458336974223,1386.7253012974295,-0.5525534447259353,1010.0584047147711,0.33649376134124503,736.6477947914948,0.36130054405416306,655.1864389358435,0.10928983820288216,XXXXXX
45.87132000923157,429,2997.227173800103,-0.0069863139317689615,2119.6407684147416,1.8349909359850551,1463.4180346480493,-1.3098277995059948,1142.822494005187,-0.1380604490580931,763.8108048886079,0.00260731248892125,676.2145261540626,0.10244671813476816,XXXXXX
45.97138476371765,430,1890.4189910156342,2.0482978412977233,1895.1566549175395,0.24544338550974323,1165.294431554372,1.9383340722394535,958.4479456292397,0.43828209384082906,550.4674085425863,1.1093870115231368,489.6778291543401,0.5557795860651684,XXXXXX
46.063822507858276,431,1521.043413310948,1.5708326035216826,2026.5474430105296,0.9900501636970157,1050.5165790262167,1.6343023300407957,894.0865730995009,0.7828968160880977,548.420230654662,0.33206900633328523,503.13324789143246,0.21857441940264688,XXXXXX
46.16228938102722,432,1419.4768861163177,-0.16048185827029804,2127.467497124026,1.3127276832977468,1053.1306979880817,0.3539406220150555,948.0022630450537,0.8832076758505116,540.8594042285475,0.34222217461276117,538.7918749035731,1.250194220518946,XXXXXX
46.26180100440979,433,3560.4638816182614,-2.420399066312495,1097.2802548581521,-2.2261212151014105,1610.8178642443995,-1.6810259398400098,1311.709449465878,-0.6135614201873614,538.3674280848186,0.09922608699307595,417.3598236770251,0.01369453203582933,XXXXXX
46.362730741500854,434,2783.871433180082,-0.3093151940855743,1470.078172717136,-1.9268929672776824,1149.1286917730436,0.33633146076832665,1089.1531657716068,-0.720315417545479,410.81816320864704,-0.13619499341728802,395.9188492578753,-0.17175193130394437,XXXXXX
46.478646755218506,435,2151.738764228296,1.7144580106490928,1981.4564523761055,-1.1977636942384924,1273.8343664144327,-1.0356428948802407,951.2922400155015,-0.11819077678441897,482.5563532541559,-0.25559212107931567,407.3108223133501,-0.07767206314793065,XXXXXX
46.569223165512085,436,2437.3911933884233,0.8780514432999992,1039.7132303567337,-0.7118331741790235,1431.3195943517446,-0.6619469498835046,1106.3998209836207,-0.379551998957428,470.81793809464415,0.4358195953619392,427.0807001106245,-0.13199619229886655,XXXXXX
46.67019009590149,437,2454.7377375290116,0.0282089707211014,1118.981903123278,-1.3707074995121051,1624.4599680158813,-0.37056634381873355,968.4785212227728,-0.9011478052974028,490.74268153740354,1.0223941121625844,384.13257513636387,0.2903321765096035,XXXXXX
46.770384073257446,438,3111.35265028066,2.147635832122309,1732.3634721771614,1.2990576447505682,1709.2111710368488,0.2581989162784762,1054.2778791894907,1.108258253124708,654.4796244228044,0.4940046350415226,554.025481197771,0.5040059181559444,XXXXXX
46.877634048461914,439,2892.823639461691,1.2879636649048585,1631.1961672146529,-1.861420038485921,1591.9143592311823,0.5615318667333927,1005.1367712003198,0.5840313882544451,666.1363201486855,0.692852207921494,522.3427218420162,0.6905088020440056,XXXXXX
46.978349685668945,440,2345.326182253576,0.5338473832789895,1886.230970820615,-0.8843603258154733,1539.735064100442,0.5885688189747846,936.1499492243469,-0.2882840369464583,587.7033851831097,-0.174903127069836,461.0651303814777,-0.4178961560641333,XXXXXX
47.07819581031799,441,1665.3243932936068,-0.42654684794078535,2085.01507631833,-0.24463643696305257,1484.9839530171707,0.8344951612547374,946.2748872215195,0.631783464221795,625.1746069282013,0.6322740377162386,450.783452213333,0.26245696295278675,XXXXXX
47.17741131782532,442,1623.1030545122235,-2.0075637489347913,2182.561576693239,-1.711800503385203,1391.6884773952193,0.07179691943566352,859.7091750375604,0.3490107648874369,592.5546828604221,-0.3161793613204223,433.1042916835697,-0.12202045350911468,XXXXXX
47.27698755264282,443,1379.0312675040027,1.577672860254552,2041.4809519068388,0.6155817358247315,1434.1812596528462,2.2525867242393316,1019.4803176521852,0.7688276995423262,664.9797335783122,1.00282100478645,572.0419787315311,0.9059537554358492,XXXXXX
47.37664198875427,444,812.7848147950575,1.909521199816327,2250.388998687513,1.5455232109828352,1326.181102375636,1.39135973569744,934.3401727664888,0.7905174139407094,678.2627447532109,0.7854779418664569,560.5490301152092,0.7826812202873045,XXXXXX
47.48477005958557,445,667.0949278915986,-2.805133046272391,2379.3031522024326,2.021416300173023,765.0678025179874,0.8642635985833195,833.6413673937675,-0.1764588034926757,523.032084734507,-0.06385219584631803,426.6685835420817,1.0565367727151562,XXXXXX
47.58494019508362,446,661.5970979334177,-1.8043137207532456,1323.382136934527,2.399538479775082,823.6788711672118,0.36500284667421373,484.5386859740838,-0.13419512798838526,382.47906357521987,0.16408544824634336,311.48653802218246,0.3803965653796514,OOOOOO
47.676976442337036,447,858.2865631152569,-2.6175537145318604,1012.3316686020903,2.9471074975007205,664.4488618942416,-1.8334536055237969,607.0506798745882,2.475987089728567,319.5373507273502,1.7079759528617984,268.0853347558765,1.353238472098857,OOOOOO
47.78471541404724,448,680.5816184003423,-0.48545236859448193,883.8224305048417,-0.8512876231710679,457.36593912949076,0.10050561400166406,379.54906262838574,-0.148383806479749,178.72005909658654,0.2838909118871998,128.1868665315533,0.6208489249233927,OOOOOO
47.87699246406555,449,1895.5340765038936,0.012963865055051718,1567.7600200683994,-0.5676147812628349,1778.85960129231,-1.1703419017037788,1032.7103175731388,-0.3572642131098266,717.700089010714,-0.3962890222555411,735.0367763769057,-0.3545836430882727,OOOOOO
47.98480582237244,450,3319.090761236891,-0.5742966316493218,1942.9921192853078,-0.2644700186324121,1241.7504393080894,-1.0360498707475734,1076.6171531647094,-0.350518063673946,727.5403212464398,-0.1059961200955466,739.6028771708114,-0.026055434822373567,OOOOOO
48.084473848342896,451,2775.055878657179,-0.933428522313558,1910.4548010583737,0.061366588662494975,994.9031016199273,-0.29262046282453,918.8111330618467,0.18501691888615732,684.094287366011,0.729718055803377,604.7793745631815,0.18207049533677133,OOOOOO
48.17572784423828,452,3821.489256645428,-1.4678647273139478,2200.890709320292,0.24521291143126478,1199.1389386212898,0.1569984826174283,962.6653044980225,-0.6298534764127659,807.0364143054375,-0.15372657724074942,721.028166520938,-0.37310026757192843,OOOOOO
48.29095482826233,453,3133.6673736162234,0.7528453005072696,2041.8241443540621,1.013883471558815,1383.8058687045716,-1.1240856110747726,898.858785649364,0.3901471590048141,754.5393989355682,0.722321677255814,647.2233676346326,0.5112057232774782,OOOOOO
48.384052753448486,454,3119.77397518296,-0.29515827126075267,2229.0797963200976,-0.4059399508445445,1519.3429758046411,0.5906312189304073,1008.5298307565166,0.5508380476040712,826.9810004802401,0.9150920214248444,688.1273259153878,0.24392247233904338,XXXXXX
48.49347543716431,455,3175.531937277383,-1.3004648954366487,2222.645106312692,0.1575117596770955,1520.5845944972582,1.0919389501564742,995.7622856476454,0.10238613239624518,780.0632656521026,0.04421292160527819,629.8641299135986,-0.0994411072731257,XXXXXX
48.59075689315796,456,3390.831714198626,-2.64381992412326,1838.0693355470548,1.036120210067782,1649.5331302845702,-0.7088318025112269,1023.5806185124914,-0.4046296423758568,766.1459049240522,0.37698942817471826,661.4807717971098,-0.06387091046993557,XXXXXX
48.693318605422974,457,3637.7386086145943,-0.2018933911481584,1450.8073864280377,1.4905716948440257,1747.5512313208194,-0.07956196126487436,995.2094449969647,0.17594709629299163,766.7863544763953,0.12805562869871467,672.2465936220234,-0.34665161252911997,XXXXXX
48.7852566242218,458,2342.887675811002,2.512911085307898,1468.5832047075053,-0.6880709185731231,1770.4915873386508,0.27439919982432304,753.2352593881266,1.056052590142003,610.853902547468,0.5589232160601413,553.7147433900824,-0.10182328226559254,XXXXXX
48.89365100860596,459,2833.8119304660804,2.0080884926779747,1551.4007674554196,-0.17887164776289702,1687.5147862765887,1.1674306779306873,904.8792811047327,0.33155809080436904,706.411643835271,0.14376833601018515,614.3611390175657,-0.03143933540636076,XXXXXX
48.99397134780884,460,3068.3099542311475,1.4705643633703454,1594.9055300323614,0.4657452189880203,1947.031110162053,1.4735824218676916,898.5723124198661,0.839748008941471,792.4899165250522,1.2660746349998915,644.2588600899916,0.2969047733498932,XXXXXX
49.085437297821045,461,1990.4262449982118,0.33033761056692995,1774.267673464036,-1.2002258451506984,1060.4774650058976,-0.5384054610761551,695.6819051599961,0.18860203102410086,441.90187228624234,-0.0018564272736415173,452.0974959978296,-0.020297755075829777,XXXXXX
49.19295883178711,462,1359.1935360222105,1.1149990857388117,1404.2557271958674,-0.6638821463986097,960.7212382894282,0.4562197678975915,614.7241844760338,-0.4994745971908472,434.9275296692077,-0.26422728635593046,416.5874168140322,-0.13910569255442748,XXXXXX
49.28528881072998,463,1367.857974801395,0.20344646963885504,1401.5466676766403,0.07560749273538876,1049.1270193710136,0.9994061582051381,608.6203748584969,1.0796653314118008,422.6488187581966,0.6757737279580883,409.83329533164806,0.2389479143347101,XXXXXX
49.3924560546875,464,1966.0719245177881,-2.2701125417915837,1638.8828948401351,0.41715073242798145,1119.6256178049928,-1.0005642465639624,733.6138694251044,-1.086165578618578,595.5503002802085,-0.4019629319720257,518.2131700578062,-0.08850508869395295,XXXXXX
49.49523639678955,465,1523.7332954076314,-0.6294086057677488,1850.9759230258005,-0.9170978134489186,1269.5670793317518,-0.6803185901576827,709.8546485153439,-0.7528485758805346,337.15607847936656,-0.4875587612506488,385.3039638981943,-0.3522853846487935,XXXXXX
49.60287690162659,466,2680.823615205185,-0.8115623747583416,1985.6956946458522,-1.8836767275505266,1048.6515014028882,-1.205483663455394,603.7315462145924,-0.6220205767387395,464.22553283715536,-0.42947963514850884,426.5727106158612,-0.2735482340214583,XXXXXX
49.694087982177734,467,1878.7918516794075,-0.041289278706363564,1364.998544066669,-0.06674707541515823,1095.4352983169467,-0.6462961085349136,494.5164697842232,-0.43715414074884573,238.26107022095292,-1.0066217417502463,257.62040977876393,-0.8286605757054355,XXXXXX
49.793992042541504,468,2143.167436058546,-0.8425377150086323,1158.3576338787677,0.46314551699951684,1113.0113006054046,1.462839679502577,790.5555510132461,-0.3467215854252808,416.16629156273103,-0.019461870055685827,440.54306749637334,0.14980793333316456,XXXXXX
49.892662525177,469,2004.3678695616723,1.3752664917781858,1067.5510240088995,1.2799791029599705,1232.2223165976052,-0.4718969198269802,762.984565852707,-0.26396492410522576,399.95870281978927,-0.5887071374972805,439.996244193757,-0.33823394261471096,XXXXXX
50.00134992599487,470,2019.688851665067,0.5359593721266853,836.3890807517586,-0.3262714748023187,1372.7221819789772,0.12637783959265594,854.0126462823827,0.2912732570654033,498.318394088202,0.24395959495190064,490.52302466323414,0.31263633344290104,XXXXXX
50.09267020225525,471,2056.2531362400136,-0.48423119897352057,752.5350579320038,0.37609666694549276,1168.8995089095713,1.0079632488174521,832.1650739272435,-0.5702015630418711,487.180527115262,-0.036388158154845154,481.10918778452105,-0.0021890378855926713,XXXXXX
50.20025873184204,472,1913.909458668681,-1.2158828318264534,1677.8733572571489,1.5745935164892846,1216.3728075417323,0.8043210988604542,806.4890502363336,-0.14392144714016494,473.748896133858,0.34302176338258983,494.2446970191515,0.39502006862676853,XXXXXX
50.30006217956543,473,1869.981731006221,0.966312039642009,1577.839741870256,1.9359003288315224,1053.7663447344426,-0.12778979472348517,842.1315356217409,-0.42107025331495385,481.5321601250055,-0.05851292381296067,479.1535548116518,-0.016175991723420186,XXXXXX
50.40828895568848,474,1729.2582139156052,-0.12897288845979982,2029.755693274009,0.44763585030528885,945.4363125002308,1.1092784982629718,848.027404716624,0.2695402230000312,603.1203346235275,0.45984194457928795,585.9172898225545,0.4202380907127172,XXXXXX
50.50922656059265,475,2439.6039953044483,2.1248692107831504,1660.8616824607145,1.5739768003344319,1272.8959034311931,1.90572873766054,997.3629246475692,0.8923452002732575,628.2626211472948,1.2196165534429673,632.1177173221489,1.0370576263068045,XXXXXX
50.600181579589844,476,2484.160981879965,1.5810795236688107,1729.7376578100009,0.041622558660513675,1306.8099955488447,1.2362024977587303,909.5694438011216,0.023979167596098788,560.7493522169635,0.8252473856000196,545.3462724680272,0.6749102835120173,XXXXXX
50.699119329452515,477,1839.2247857551743,0.2894823406644486,1675.3196430469825,0.41231891707505547,788.5006632816662,-0.17279325824187305,798.8657181711335,-0.351156334937048,430.46188459615473,-0.5263383948316235,386.2250028915028,-0.25249431376377257,XXXXXX
50.799710512161255,478,1046.0740403660284,-0.635146047837873,1519.2533487770681,1.157797932817678,865.6573191554633,1.7094065023871103,574.297960484681,1.2871601983865057,496.7372073673099,-0.30422518699934004,450.2072200618874,0.2646330814388059,XXXXXX
50.90038514137268,479,1520.723972821239,-2.153687014199138,1386.6417050726975,-0.24409861816536335,640.2010799017041,-0.25829883910177504,482.58218147724256,0.12591519065115192,428.3771593625523,-0.6634445860877328,368.5303903483465,-0.2576386076739194,XXXXXX
51.007728815078735,480,2686.15600936144,2.612640992451224,1387.5613270549723,0.4786370219924423,721.4723530512485,0.7859516907941445,551.7143040930785,0.8334843673725907,437.00186715450104,-0.8565243136359119,392.03959007627105,-0.9366540372071872,XXXXXX
51.099822759628296,481,2591.6844147307975,1.388082207515982,1235.9823514951356,0.837632932711028,1750.4967645081492,-1.0378969445734616,826.2209578627777,0.06713307117414778,694.809573427336,-0.1169881915303479,659.5961789475145,-0.46303100363940713,XXXXXX
51.216737270355225,482,3056.0809966790457,-0.23640679861943228,1243.6822008322038,-0.16210683602824885,1589.0013855361337,-0.9505890449541535,978.2796180474804,-0.20802849993180722,771.8835569784246,-0.2351593689183811,746.0113086263702,-0.09989082531090145,XXXXXX
51.31619644165039,483,2664.527949497662,-0.465326082542321,1524.461712153774,-0.1220733082475323,964.2313465601176,1.3872355977430293,828.3385439183237,0.29304215916556603,656.0447859069218,-0.054455858997222266,610.4786394753555,-0.17100489668208643,XXXXXX
51.41532850265503,484,2688.1175803903034,-1.5378458806536661,1423.3346998184713,0.5723901964612433,935.8534192777804,-0.012499334388167239,891.2125999049092,-0.12032978710279761,620.8541303741181,-0.35165658545260203,598.5456247151258,-0.1758926296979901,XXXXXX
51.51607704162598,485,2603.3246670412586,0.6327528972772397,1346.7397545686756,1.304954217545365,1003.3643249220702,0.07958020709354825,828.3578691977381,0.4158195901761082,577.2054070990253,0.15862625804968952,578.6242540343703,-0.0008572993110144086,XXXXXX
51.60754895210266,486,2640.020633450808,-0.25579082453925656,1396.6559934265135,1.8050258779955055,955.7365059569836,-0.47979528294299295,858.2645881245044,0.108087057737968,634.0723556681049,0.9427996106525054,595.818415171259,0.26138344723372314,XXXXXX
51.71548295021057,487,2343.5780169649115,-1.3931134308457966,1580.0219664963788,0.43288192464518943,977.1333239785051,0.31797888835656224,964.2695869675528,0.2651660642535449,718.2686225629651,0.2882962991317338,635.8241150531888,0.08151302994753407,XXXXXX
51.81468057632446,488,2092.676507576499,0.6727778566697993,1659.3717878027003,1.1260124126497586,1100.0330370587276,1.3367656044114136,969.8743273555511,0.7926339839487789,711.9171484458377,0.9207532615578674,633.8686981530449,0.17113247697019518,XXXXXX
51.90706491470337,489,1688.1278879841752,0.0012669212874727442,1602.6929383108982,1.5852963168968126,999.6705659367069,-0.7223857088401544,955.0286613291822,0.42180479782180047,686.8392753183216,0.6662418916855741,634.1304578279079,0.22500314053634698,XXXXXX
52.01607918739319,490,899.4346928590741,-0.7438433278094715,1192.3531155337782,0.5545484607008212,709.045430207497,1.5597771060441876,716.5180185523144,1.1768093324605746,568.3650432009555,1.9127000578176805,557.954833352739,1.4275517998667138,XXXXXX
52.11396908760071,491,1221.7140098072248,1.537117335140586,1213.6581945490382,0.9875861067484027,866.9481138995268,1.3335036420069433,723.1809730358875,1.43700054338175,488.3147388793444,-0.28860582548741914,467.3872405261939,-0.5357035613069087,XXXXXX
52.222999572753906,492,1343.9915888243331,0.24073682274690922,945.4005383473927,-0.4966261686142756,934.402237220051,1.5971678507452975,776.6099988903945,0.708138056781661,515.4837864506803,0.7420326374513997,501.8591453228773,0.2328053108617091,XXXXXX
52.322102785110474,493,1236.2472841433023,-0.5992364607324036,1058.6091463891732,0.23299634686119486,770.1086793320227,-0.929629714266085,642.8826542907007,-0.014553136046561114,449.9217504667949,-0.0004982108821005582,455.296926670563,0.058393266574200985,XXXXXX
52.41564607620239,494,1645.13150265365,2.22045123352028,1070.2686499060067,0.508345702144808,746.9913469622427,0.607523153614111,720.0347635260786,-0.05839979146534002,369.79951235797677,0.4976079818136265,355.607360822726,0.2837568082052351,XXXXXX
52.52183389663696,495,1997.6739045774816,1.0267206287828887,1294.399869352114,-2.7606804477879723,1312.14915412509,-0.9305831739562362,829.7001948817722,0.2953678221782928,475.68330393536,0.49090916405068796,477.0251361872282,0.290614561727688,XXXXXX
52.629345655441284,496,2540.9203667709044,0.029389619813908086,1810.7988380492454,-2.068413911566013,1066.6266618096356,-0.9935784413729231,706.6167206245008,0.3031247731611705,494.51010099127217,0.4723286450166024,544.5393319059843,0.2450596015917696,XXXXXX
52.72247052192688,497,3370.964755947505,-0.6849513663543281,1703.5674414707107,-1.2189503980299834,1219.8381501817275,-1.3074247833457648,770.5706475701809,-0.6118186251732506,487.6624822809972,-0.2818867939009344,471.1107754389875,0.021673395518296567,XXXXXX
52.82879018783569,498,3051.8913956275364,-1.655220430886823,1917.5882115349966,-1.524060670664797,1319.5457652441976,-0.41177268524232746,824.7503948288105,-0.28919632258691236,568.319166683908,-0.28828668896838117,489.41649987559066,-0.20815459627894273,XXXXXX
52.92922306060791,499,2868.6805322423515,0.5832732011719537,1369.9918304434268,1.1172926577048807,1061.8001822523893,0.32071103536009193,774.6738181500164,0.09371141590586708,433.7492320452442,0.5635106071449857,391.9189246114512,-0.2355335021241101,XXXXXX
53.02113342285156,500,2954.097497697665,-0.22427074452790008,1464.5892046797019,1.8176519596579197,1093.7617969618848,-0.21496492025356612,740.2365067188377,0.07912452785134556,442.30354345892846,-0.10318090984043883,403.7004146761494,-0.15665991366819185,XXXXXX
53.13017535209656,501,2985.664308723749,-1.0127911055653562,1383.3820072321857,0.400694586618403,1094.536236568632,0.5239872305342546,752.7031952013883,0.7186427475020873,559.8367949173442,0.8174874954085659,497.19471242147137,1.0837525813980202,XXXXXX
53.22130608558655,502,2633.1777374971953,-1.9579586811775471,1930.7019892477701,1.300957984244363,1599.6077314327779,1.4371578732857906,935.8829132175231,1.16596513369927,573.6465991141108,-0.19424639345708858,484.3663817261096,-0.6189916395428052,XXXXXX
53.32245445251465,503,3555.7989471535025,-2.466212032497282,1606.2485562093987,1.5263546481111243,1019.7394973489587,-0.6871137004148403,887.4975191782853,0.8981506966859409,521.7450164803314,1.2877101744984432,451.8701145999468,0.5391132185058957,XXXXXX
53.43034482002258,504,2790.4777916406283,0.19282490613949976,1553.4921790292601,1.1378587428584768,910.1835530366759,0.25317816731731557,623.2966031155498,1.1958173290122651,398.078142159512,0.8192335508313423,362.9912557589334,0.047807907534538716,XXXXXX
53.52194309234619,505,2796.417192241594,-0.6492446153659318,1380.2149678598462,1.4108218261242287,1010.8044988016849,0.9746467792495128,644.9546657660086,0.8251044736396781,401.91333933081546,1.136807421756664,426.45478038965814,0.8840372664761664,XXXXXX
53.6293740272522,506,2551.0504828131643,1.6753988392990518,1313.7950959696975,1.6244166914856057,1113.7335476715332,1.400709926252454,710.9566882851785,1.3729964546041917,540.3680339678461,1.2126601662316503,501.072653041086,0.6421261206092951,XXXXXX
53.729004859924316,507,2352.683805706291,0.5003628082000182,1247.3445825727129,1.2583868786433892,924.798499134918,1.2463336283439115,922.3827564639834,2.3409466765015905,664.8670125363046,2.1886222136778843,546.8289843226408,1.6401525932173433,XXXXXX
53.83739447593689,508,2383.9999768362964,-0.6352657901598961,2034.3647260803427,1.375743512067179,1178.9084638570282,0.9701377699462764,583.1160925180658,0.8273096421360757,515.6307753366542,0.11407202158683448,496.4528486461274,-0.36107734685965864,XXXXXX
53.92866516113281,509,2878.4549017499876,-1.100856343699128,2335.9654496952267,-0.12919230750812638,924.9555361767441,0.8960722457441982,864.0349675023956,-1.038867265600379,449.86703119103464,-0.9817105707789285,426.3528411214799,-0.5741552439668373,XXXXXX
54.03759694099426,510,2569.365509629494,-1.9212822131660685,2352.309330690105,-1.2048823149790766,1321.4024829414168,-1.546183692868698,726.0032934005793,-0.3615689153790877,430.0282258198489,-0.1477137940491548,389.0016007068857,-0.12959692964993386,XXXXXX
54.12890815734863,511,2282.2669805525525,0.12495203292396284,2398.7310595389895,-0.9229484807584374,1622.8918123191859,-1.2589563849508933,894.622751776936,-0.5311448649554018,617.6194955802313,-0.39277107850713866,559.2077651587435,-0.27320204629916256,XXXXXX
54.229307651519775,512,2456.473628062916,-0.826240176478129,1935.2587943929393,-1.5780716729670676,1063.9852974626567,0.1884040297497446,670.4689530944391,0.2040342632953583,443.62494351036645,1.1731470331513025,352.63555788613826,1.2054552713141278,XXXXXX
54.33838486671448,513,2465.133606302414,-1.7359568324650525,1815.5215768451499,0.6979883282916735,1105.3459779623768,-0.37254224110764805,725.7281359935811,-0.7888587679681047,490.1342232015506,0.25971614055209813,393.1182712930077,0.4125393581547064,XXXXXX
54.44397306442261,514,2394.964020206238,0.4026975515845559,1741.3084090982331,1.3949629125138696,1214.4833149631309,-0.811545684382852,673.1659731575019,-0.686051063270035,509.43923005479485,-0.5939921201215385,418.8181222761074,0.10635801384169384,XXXXXX
54.53688097000122,515,2360.3583056832613,-0.6201720665540756,1807.1066174545865,-0.08243986742083687,1098.9427135884844,-0.37085839733206116,675.9846615012725,-0.20394103598676205,481.71615656967225,-0.13754420131216574,420.7176228994111,-0.06050874937149966,XXXXXX
54.636900424957275,516,1972.8895483423426,1.877532479878849,2415.4577952915374,-1.4595326387461756,1189.3598501195995,0.6493957179162478,749.28235396275,0.24813599204892522,498.1096270775657,-0.6234410109508723,456.917030296819,-0.5741371522295176,XXXXXX
54.736560583114624,517,2197.1079314898525,1.3493332366913284,2035.1143331380815,-1.2250346993107233,1373.0301257711083,-0.9896585073051162,833.9743657397196,-0.5483667231504474,630.7151149586498,-0.5849968730627321,523.5005957144054,-0.42917503524640194,XXXXXX
54.83760094642639,518,3194.0137918648875,0.03784280341703472,2036.8179369443121,-0.8374984711384874,2077.0542140436455,-1.517486956472007,846.3823227179146,-0.9210751649013766,732.0987725667087,0.06496971391122912,635.7855930029249,-0.40398891158262795,XXXXXX
54.936338663101196,519,2094.3516380786104,0.26591928941108917,1281.315211869299,0.5624084513029916,967.5548504756485,0.2565244980181581,721.6811488387785,0.6738057391573982,542.9847780135357,0.0848905045443389,510.3172896354716,-0.0637110055751334,XXXXXX
55.03684687614441,520,2235.9307350658028,2.037891833338458,1316.356574189141,-1.28202890571549,1046.907816225918,0.5626995592890724,755.3118959344181,0.4016154266972798,634.0734037406147,0.5859871957151449,546.9894428172829,0.9609645448679083,XXXXXX
55.137412309646606,521,2560.597027526691,1.2753652134139761,981.8653892749581,0.9991101355413639,963.4437396951564,-1.769029975019653,833.3430493230668,-0.20057765848188694,561.2678463009456,-0.08268461171822356,525.2874287057091,0.09784594404767566,XXXXXX
55.24462890625,522,2112.20061236846,0.16021268683232132,824.916147289125,0.03857603065686552,664.8884261027064,0.48651981722304355,717.8871159982181,-0.23722931092289867,478.0496873662624,0.8674778509597693,471.8910701505539,0.053733966813028645,XXXXXX
55.34443521499634,523,1241.5213855591146,-0.0492929080753689,1292.2783306452322,0.31547409701925416,872.661515271695,1.135381557256549,765.9912743785312,1.1080270922021025,593.7971842702439,0.9710254225550617,545.3192903043263,0.18176733748281834,XXXXXX
55.4369478225708,524,1846.189121441007,-0.8689676189810971,1319.5292455969632,1.0374505384535246,1559.173361033844,-1.4545996161162595,823.3202104025806,0.5243097866670301,597.429720489668,-0.701115101830656,549.1502424099017,-0.6827536835409527,XXXXXX
55.552751541137695,525,2152.0340129145493,-1.4592245312615966,1636.83347668718,-0.52047189988422,1388.456937656572,-1.031557954221571,740.6398861163551,-0.09638662102008687,615.9636803251259,0.2474205382164876,593.8485587972115,0.038502320679266795,XXXXXX
55.645066261291504,526,1005.2759520945167,0.16483005514075622,1374.2772305893966,-0.09252898449909604,1278.8021910233751,0.9195573919989087,737.7387149345889,0.5080160533811259,530.8771499463917,0.7934303467261844,462.08367265573526,0.006306090850504632,XXXXXX
55.74429440498352,527,1007.5325015802102,1.4992898864770015,1983.8899416808192,0.8369224643574228,1422.109544582756,0.45962853949473936,884.5123545804266,1.076060297066014,526.4196281821806,1.4765858022631633,424.1186491283352,1.1830376168936267,XXXXXX
55.84531021118164,528,1131.1277047427438,1.3361070956095256,2402.9499716083606,1.448837089631574,1504.1269455641927,-0.6233400533274004,713.6425323143274,0.25621492350305514,502.37824695118303,0.46561270240228025,430.25552647164335,-0.5652314783509929,XXXXXX
55.953845262527466,529,1116.8276844795448,-0.15867902125378963,1344.1663690342832,-0.11306371844446872,1898.7836109783923,0.04829740703048886,783.4669056483792,-0.5438278334823435,472.7169307717024,0.33040243863798585,430.26829188365883,0.3156564316714988,XXXXXX
56.051992893218994,530,1252.4659201355928,-1.368535651805434,1324.2806579469388,0.17736362180862542,1870.0189223791313,-0.6170004942213756,779.8669064482715,0.05610752956475795,469.96367526966185,0.5964479330970412,435.95744852705684,0.5757481598320227,XXXXXX
56.14398670196533,531,1864.1339726212798,0.04636976610135224,1417.190093129381,-0.14149521760318073,1887.9978464757794,0.16950947628674473,892.2580255813501,0.05716241407343889,585.7165344181473,0.3602084822021291,490.74053840052466,0.588355993588897,XXXXXX
56.24425411224365,532,2134.611950639002,1.9604138333350933,1970.0065291598505,1.3490033989087753,1665.3826223392116,-0.5561731629996896,1028.631232719792,0.9931724524355021,642.1647619913717,-0.2596769997501391,514.7715527795217,-0.22601034167434422,XXXXXX
56.36090850830078,533,2292.121907294148,0.3285915765247686,2050.033779444278,1.3758663227816876,1615.3913733992742,1.5768960216262335,709.8659231657208,0.06815659689243166,450.2247668479286,-0.29040869032557365,452.28519588835576,-0.3474549357559608,XXXXXX
56.444807291030884,534,1853.180000521109,-0.86625933120444,1689.104317184565,-0.06973222944000874,1534.354370649068,1.185342850065152,728.7440800475773,1.1544223901504618,515.176349226335,-0.09203049270465707,521.9757024960767,-0.0928526946512607,XXXXXX
56.55970788002014,535,2138.7514629766924,1.2408550663127724,1504.0621702358865,0.49419860431538315,1436.4198574365407,-0.1672042761244251,723.0521292264219,-0.00913676390706661,428.7987177429945,0.2594430558564984,473.1757316503259,-0.4883725113683372,XXXXXX
56.65350675582886,536,2107.9897528721135,0.22467706497011974,1360.8869118718967,0.8654021074468617,1386.9618606971746,-0.1681874655373116,668.2922216109199,0.15952971067061922,460.9173083425075,-0.5852960765661542,471.58550390665505,-0.31978607339403853,XXXXXX
56.75231647491455,537,2063.4032341655493,-0.8190135427594519,1154.212272951489,2.052248118824675,1419.4704918939442,-0.11672185503421328,638.5628558802642,0.2981373681756142,384.19032266506315,0.36274376868628955,413.83976034846165,0.6734510021750684,XXXXXX
56.854204416275024,538,1970.0242422965812,-1.8047565781186787,1036.7503480627095,0.8349603649565953,1625.9423193988162,2.0846871383694543,631.6477773063725,0.5317225989639704,440.66982243361963,0.42931609563033307,484.71767632680894,-0.5164317400044416,XXXXXX
56.952144145965576,539,3120.495511081058,-1.4433972181291996,2107.1306048155543,0.38188434053441606,1201.336141970051,-0.30982739499893286,917.6472630331363,-0.13167404573214175,540.0957183821146,-0.21887556464574134,522.7630561298789,-0.04796850899724252,XXXXXX
57.052865982055664,540,2996.6011444040346,-2.2226694625386307,2113.757565798649,-1.0241004810319543,1287.003911358703,-0.4975700433366491,869.2487436654202,0.789516506453348,599.7478722831552,-0.1876758953587961,522.5958214548449,-0.04864952558923916,XXXXXX
57.16724157333374,541,1853.0771989222048,0.3447037541174206,2523.0685529460184,-0.4493837841558715,1348.2994634374202,-0.26338468660648184,882.4784558726737,-0.44893875163882146,651.3455008223681,-0.3256310219140221,600.0012877127499,-0.43017388572996357,XXXXXX
57.26011872291565,542,2023.1608617577244,-0.7636823865500099,2240.902885179106,0.09335855536180786,1343.184035940895,-0.9895023771130809,870.612301142275,-0.1273036509181697,435.39697980038744,-0.6600121367067934,464.99173642168955,-0.5073712986793929,XXXXXX
57.367860317230225,543,2053.191576980198,1.3653122101798445,1866.538089762261,0.6890072818252214,933.6086036799858,-1.079747642840227,711.5853923854379,-0.6846142842789601,433.2153001101906,-0.10816777072219413,384.6998374515559,-0.01190544384737977,XXXXXX
57.46786451339722,544,1948.2137811802031,0.3824431677477602,1992.8059896747102,1.667471125242195,913.9203127410749,-0.2392798912728718,761.8741461159478,0.3351029289680506,460.52882263835113,-0.1620923875594994,430.53313486287914,0.3774753444305422,XXXXXX
57.56785559654236,545,2042.6894131965132,-0.6670291163379104,1914.6468790791216,0.12399106372074205,922.9034203498401,-0.3388801031371971,776.3303164065479,-0.04508341141684009,447.2975191348509,0.008589775425764022,423.15959272861875,-0.008031651345554794,XXXXXX
57.66809034347534,546,1971.3697963286675,1.7469590849188164,1841.993466385463,-1.3199336025974304,1040.253331602499,1.031527245310869,764.1749271341022,0.020673748160397458,464.59984853923504,0.14972863451268467,425.4237191278113,-0.1392989311772875,XXXXXX
57.768412828445435,547,1835.1868044636237,0.8828848922202087,1758.369186874255,-0.7447610528581744,952.6788375142839,-0.9956332289905554,749.2621222964934,-0.4384740177928806,481.7461295667852,-0.5596383993941896,439.52279441603156,-0.11212243143773377,XXXXXX
57.86841058731079,548,1508.9719845699833,-0.7544368661722209,2103.7158444141555,-0.7447847175505196,1281.78971711975,-1.2384969973734066,683.2481465033377,0.0585021787961385,501.9543315555074,0.261388643681568,403.05056983950686,-0.17178234798422343,XXXXXX
57.968499183654785,549,2678.303756793311,2.2482758515524695,1527.5524580988342,1.6790042393018363,1110.7094483771702,2.4042451955826847,666.9687031523252,1.1864025871575126,541.9798647917272,2.012017391754043,452.16992119189615,0.9893713024374847,XXXXXX
58.068861961364746,550,2295.4987533301955,1.5527606290926654,1387.8446018583738,2.0326298028163294,851.2360231624773,1.4382924546218518,703.5092084432831,0.822961242903028,434.18514318795076,0.4850710487285062,400.650621534121,0.23327773084084893,XXXXXX
58.1760413646698,551,1910.7542527266396,0.7587971645441592,1340.6459200899783,0.4684691535068078,737.5556204255356,0.36159094452925566,633.5471488905507,0.5331061152688966,425.89297977534227,0.9985859362055713,390.3820448870483,0.28342638103105794,XXXXXX
58.26885652542114,552,1915.6001579108747,-0.23831100318611276,1259.4847268334684,1.3853863411955682,734.462011166081,-0.09867829282558586,599.2554578676597,-0.2683673559669104,347.0886719703753,0.27876880634040624,339.1806286367729,-0.23839894545507462,XXXXXX
58.376190423965454,553,1815.0476735266188,1.914048086046288,1174.2249453959564,1.9293284500150065,775.7207374619935,0.4413776192339277,565.8107924554954,-0.1669992606388888,362.85110893778483,0.6669109631039042,345.89761550101906,-0.017618457454329755,XXXXXX
58.47954869270325,554,1452.6558997423995,0.7705183844959465,852.8173039349882,-1.566249889984837,614.6687340892427,-0.47220536419230796,792.4698099325323,-1.7967009059734724,794.4489171612022,-1.3824554615999243,854.1216740606745,-0.8581536506799153,XXXXXX
58.56930136680603,555,2117.3907541575313,-0.24437888302165975,1291.4571022690263,-2.7138965787180886,1491.1373998580389,-0.798733852976879,803.4048113649673,-0.7409088125719416,739.4136874566639,-0.3711160562018423,727.8041682122672,-0.2208653793856017,XXXXXX
58.67476177215576,556,1790.4277160460583,-0.6454681443195543,1587.7168859538017,-0.5347150856652392,1043.5633819800287,-0.08190394208726541,845.9141235992736,0.23271037190109728,673.5412308625914,-0.09219525889722119,632.5073396911035,0.12044834639938133,XXXXXX
58.769813537597656,557,1792.3294053642833,-1.3731081311061728,1591.9404397937196,0.033527936644218014,1036.3347070129155,-0.6834784204374152,874.6738188020367,-0.5973162002392314,648.6099274217951,-0.392834357967828,604.9930887286033,0.1252552539716406,XXXXXX
58.876363039016724,558,1197.058561754924,-1.7023537217239522,1402.127957322881,0.6023307147863647,1048.6581099951945,-0.22957040823533878,825.691371416819,-0.007853372689082526,648.6007529446168,-0.10320840179808138,613.6144702891772,0.11858861712140333,XXXXXX
58.976038455963135,559,1032.6078281430946,0.5370413767283037,1337.077207294695,1.1314206023281976,1094.967499205014,0.4895220043094465,770.3548995907172,0.05469429145977804,643.3684769312247,-0.3904512644677189,613.2259858230158,0.44592981630713935,XXXXXX
59.08414125442505,560,1011.7349399862733,-0.2932570962238975,1337.0814558803245,1.783388262577545,1101.456536135966,-0.14916252694288157,782.7385229631947,0.6342659216921803,650.1113159251568,-0.13810868431073525,624.9375040140367,0.09736939186333454,XXXXXX
59.18071508407593,561,1284.9848304051127,-0.037022081411091756,1345.4364783315639,0.5036880685115922,1087.1859296326547,-0.787351582912337,864.9871690757238,-0.2356391986025235,654.1954662344712,0.24465056808631136,655.7532770114543,0.4562401751164034,XXXXXX
59.28327441215515,562,1145.2070383283244,-0.49321830321341875,1323.9669008389458,1.1126198674757108,1118.667858859618,1.155622796640063,880.7175936428031,0.3264066132807611,654.7582497087498,0.5376502931996782,649.0840773141733,0.47014109498009526,XXXXXX
59.38234543800354,563,1194.5707773552585,2.1487256020456442,1329.236198348665,1.7395023602044952,1098.5955623240284,-0.7030196336081773,884.8828305846711,-0.07933909790712736,656.53516353688,0.8615360903493432,655.6681779531652,0.8228968228851613,XXXXXX
59.485410928726196,564,1161.927460596847,0.9816017426872917,1094.047120401506,2.2619273001315117,871.9864922052636,1.0641950867712509,646.2898382465318,0.7620826295924269,440.0816866093923,1.376744876898712,414.1586550199825,1.041537050775306,XXXXXX
59.58421802520752,565,1773.2797344065782,2.2614547506667355,1121.3496977652026,2.4366483638730507,730.5498190752661,0.7048340760042636,726.6758936761942,0.37694895032486336,421.29840870392195,1.4828282225272835,395.44826320197944,0.6532101864910453,XXXXXX
59.68443846702576,566,1266.8437455733688,1.3405533155455327,589.2585377969987,0.5424058955423487,758.5054622190382,0.01197819990371567,545.0108991290255,-0.5200713017679395,292.63607478967776,-0.028806484733625085,270.664995586215,0.15456846482968742,XXXXXX
59.78235220909119,567,1132.1706348783284,0.5452579242656657,536.3004353580923,1.118968604259288,747.4617563978425,0.7574686194732949,542.9007452873475,-0.3481509384707888,294.44239376763767,0.5636961471915476,304.6073057744602,0.017803111141918734,XXXXXX
59.87466645240784,568,781.7816255998246,-0.2683385110103602,627.8299599304107,1.7874018788045956,730.4688948343888,0.05310037249079323,553.1352849151518,-0.17722490427136794,305.608878611561,-0.031899633291547776,299.22725263446694,-0.15197310968213998,XXXXXX
