Timestamp,Iterations,LowAlpha,LowAlphaPhase,HighAlpha,HighAlphaPhase,LowBeta,LowBetaPhase,HighBeta,HighBetaPhase,LowGamma,LowGammePhase,HighGamma,HighGammaPhase,EyeStatus,,lowalpha,highalpha
51.8915956,501,463.0005961,-1.539235369,221.8543419,1.06157707,259.7244928,-0.295038847,237.1932094,-0.726317424,491.8817756,-0.212818557,2961.289754,0.194896929,OOOOOO,,487.401286,404.009411
51.99031687,502,377.9461208,-2.430716772,320.0218288,2.254843764,365.2888721,-1.68749296,428.8847032,-2.03329158,610.8155219,-2.042180948,2992.903239,-1.60885595,OOOOOO,,,
52.09225154,503,491.7443688,-2.424911405,265.5444544,1.900558225,346.3889474,0.376529018,394.955578,-2.093150994,599.2416193,-1.577317625,2833.548841,-1.138576882,OOOOOO,,lowbeta,highbeta
52.19526553,504,751.9792892,0.065728683,291.7313993,1.929208425,329.4702211,0.070396227,423.8755074,0.151394886,599.4876394,-2.028693748,2525.995954,-1.521605829,OOOOOO,,348.8382722,357.2052795
52.29326391,505,289.256288,-0.681314079,682.2206665,0.329078349,503.1429362,0.161744657,467.3448953,0.948938373,673.5682826,1.22929395,1889.064733,1.37331051,OOOOOO,,,
52.39623713,506,503.0615492,1.230491347,893.5255336,0.699932276,380.5384082,1.051261514,447.03814,0.689578236,603.733823,1.208338079,1867.203493,1.296109172,OOOOOO,,lowgamma,highgamma
52.49824977,507,1056.020445,3.07651286,459.3461937,1.096750891,434.2577143,1.067925653,321.3393105,-0.02076934,329.7224415,0.220231025,1309.930415,0.656823254,OOOOOO,,576.0610528,2291.945052
52.59622073,508,858.3671221,2.302466428,471.7164023,-0.341417977,417.5273656,-0.712786255,349.485666,-0.42719366,351.1090731,-0.510829921,1506.514921,-0.427371815,OOOOOO,,,
52.69821763,509,730.4960293,1.240781949,519.6116334,0.19980811,445.1515091,-0.639429322,408.7033756,-0.608725447,456.9097648,-1.769115277,1694.347423,-1.449375888,OOOOOO,,,
52.7972033,510,834.6356638,0.566595983,453.9095174,0.804555398,394.285706,1.221283033,351.1322842,1.210930978,436.0046549,1.51148449,1804.162715,0.904843329,OOOOOO,,,
52.89917397,511,928.022151,-0.23513875,501.5294684,-0.555344381,434.6954789,0.348172478,458.7411827,0.383308115,687.3648632,1.093368138,2850.479982,0.883959977,OOOOOO,,,
53.00127006,512,763.8562358,1.58670591,431.0961131,0.035277981,467.0984381,0.489365985,354.3519935,0.066782258,545.5740595,0.836497,2854.077422,0.588792302,XXXXXX,,,
53.09738708,513,771.9510267,0.848495755,417.9024599,-1.470068796,361.6805248,0.920455567,363.6947009,0.484429441,470.094445,0.710780146,2747.854782,0.862100124,XXXXXX,,,
53.19577026,514,920.349191,-0.085689237,396.4621193,-0.787199783,378.617615,-0.993469686,340.6883712,-0.146627621,453.0960803,0.373589954,2856.734942,0.660091021,XXXXXX,,,
53.30112553,515,739.4440665,-0.71552983,197.7788461,-1.255109093,373.6017894,0.97005645,261.1194492,-0.769151919,366.9174554,-0.753384877,2755.712627,-0.533759919,XXXXXX,,,
53.40282583,516,770.4672285,-1.949688959,239.762633,-0.85237949,484.0241616,-0.810791257,363.3743574,-0.960215831,348.2054156,-0.630967802,2747.065964,0.032754321,XXXXXX,,,
53.49711752,517,548.992077,-0.344044869,479.0532501,-0.045511669,385.9408317,-0.018075157,396.1374741,0.348976679,464.7191271,1.193858349,2901.992931,1.410383883,XXXXXX,,,
53.60409451,518,270.5415427,-0.369339633,410.8834606,0.328814407,336.6921662,1.22535123,395.1145717,0.793042092,539.5072938,1.10021629,2754.433558,0.939081936,OOOOOO,,,
53.70608926,519,444.4735463,2.147441982,371.468506,0.241726687,326.6055797,0.108828535,346.5583379,0.708769971,492.0974743,0.725167307,2468.347798,0.884679345,OOOOOO,,,
53.79641581,520,267.5881001,-0.580702488,287.7984748,-0.64215774,223.5589977,-0.196826972,290.9234481,-1.12297321,541.6465246,-1.354151486,1779.830463,-1.467978571,OOOOOO,,,
53.90699553,521,424.7387429,2.243438407,232.1448769,-2.303672956,370.8374111,-0.478319576,521.9853346,-1.189650276,629.8437279,-2.090392744,1831.079208,-1.932871291,OOOOOO,,,
54.0090251,522,426.8110162,-2.060406132,326.4343827,-0.663489935,239.8729674,0.251695761,316.5278005,-1.025748286,464.2926321,-1.934350016,1502.174058,-1.866870451,OOOOOO,,,
54.10701346,523,242.9927797,-0.372600581,408.7725212,0.323328009,291.299922,-0.331083322,283.3443206,0.58447997,505.9199485,-0.222702141,1773.483955,0.344096128,OOOOOO,,,
54.20998478,524,202.081076,1.684095463,307.5090717,-0.573750095,287.1173011,-0.386296328,297.5178218,0.439810159,547.5609106,0.374882719,1970.42226,0.577647407,OOOOOO,,,
54.31198883,525,309.5542317,1.178392826,292.1772398,-0.288080157,219.5988002,-0.322281174,243.1229475,1.201864596,529.4551419,0.751567893,2040.746999,0.599053396,OOOOOO,,,
54.41097164,526,230.3282126,-1.179048683,416.1471713,-0.280183016,393.5385201,-2.42622259,496.1594391,-1.778692093,807.1805508,-1.40364567,2919.807399,-1.018231843,OOOOOO,,,
54.51255107,527,348.2328023,-1.652618238,415.4948084,-2.58613728,335.9525216,-1.885971344,440.3978369,-2.062609525,814.1953509,-1.566119527,3090.454084,-1.331737066,OOOOOO,,,
54.61556721,528,481.3813764,-2.331495805,473.9134358,-2.506446322,309.0844256,-1.725341554,344.9724703,-1.442158416,803.3200769,-1.437673754,3022.396002,-0.953804288,OOOOOO,,,
54.71351123,529,308.5891358,0.386960122,370.962777,-1.910187018,209.3396742,-0.553182087,289.9420864,-1.319244175,669.3106672,-1.107033173,3065.877592,-0.757802727,OOOOOO,,,
54.81555486,530,257.9413491,-0.490126526,396.7072204,-1.680502095,274.6679681,-1.280688186,223.3460965,0.221166711,619.6236371,-0.047794404,3017.861391,0.050194076,OOOOOO,,,
54.91453171,531,365.6658216,-1.377423708,464.4798335,-0.978981411,209.8825651,-0.586674459,226.0867295,-0.666322325,613.1587781,-0.352773392,3004.056385,-0.278183951,OOOOOO,,,
55.01215696,532,358.9479768,0.390522727,328.636369,-0.09346879,176.7987421,-0.309062104,387.2423157,-1.868938047,672.196515,-1.87619433,3023.633335,-1.646588301,OOOOOO,,,
55.11949658,533,597.0558959,-0.053393303,446.9473612,-1.851636946,342.563262,-2.055551151,439.5915352,-1.359073947,675.237788,-1.970241495,2872.541159,-1.120759215,OOOOOO,,,
55.21285272,534,542.3577791,2.615070017,459.9208395,-0.884952412,328.7221224,-2.455392401,461.3476197,-1.819646905,675.6300255,-1.509615778,2656.628986,-1.050493348,OOOOOO,,,
55.31229544,535,275.2793373,1.963292013,449.1543811,-0.213984155,203.2633544,-2.012307928,304.2740431,-1.734405813,624.3415858,-1.757982485,1869.160338,0.175758031,OOOOOO,,,
55.42249393,536,479.7579956,0.823024034,428.6121866,-0.405078712,371.6834688,0.666508812,446.1210077,0.664173325,740.0398541,1.112421759,1884.284441,1.297402014,OOOOOO,,,
55.52011132,537,489.0513675,0.490069944,394.9528654,-0.753614777,425.7620607,0.323923565,458.04645,0.815507017,729.7480225,1.084948347,1660.978024,1.204780919,OOOOOO,,,
55.62243676,538,380.6965349,-0.296648253,455.3018196,-0.437306085,252.320554,-0.48512524,250.5944981,0.476168312,470.6158048,0.013733302,1709.749641,-0.700732325,OOOOOO,,,
55.7214191,539,421.952694,-1.194618936,457.3094424,-2.280457826,257.0072324,0.848332865,237.4085607,-0.868324674,475.7358782,-0.668566288,1885.444306,-0.612454444,OOOOOO,,,
55.82340121,540,425.7955261,1.015358303,408.4423239,-1.493959545,303.1383874,1.596835805,240.607092,-0.805586505,467.8836359,-0.241479064,1954.261505,-0.219986456,OOOOOO,,,
55.92637515,541,496.563448,-0.385473262,377.8762262,-0.665990426,497.5139011,0.019803465,473.6343234,0.95202726,903.7244886,0.738389888,2822.46457,1.065001459,OOOOOO,,,
56.02403283,542,409.4138625,-0.465300996,376.0844571,-0.546390182,342.4332363,0.811904744,451.354789,0.854571909,887.0108088,1.020690316,3056.221227,0.75531337,OOOOOO,,,
56.12703586,543,411.0742502,-0.883404422,369.7246482,-0.218121257,222.8731804,0.787748474,309.3873771,1.182189893,767.9113041,1.190671278,3041.516618,0.821605671,OOOOOO,,,
56.22902751,544,456.9443776,1.408189678,378.4366056,-0.121609439,348.3095182,1.253977541,261.7140442,1.610298039,743.6981911,0.347646961,3020.227872,0.63145995,OOOOOO,,,
56.32701683,545,449.2194014,0.432111113,301.4129188,0.504730887,266.0413713,-0.711790835,222.8535321,0.344958582,648.4024784,-0.572828281,2972.86699,-0.004293103,OOOOOO,,,
56.42998552,546,436.2339952,-0.491090561,336.3439921,-1.03575273,285.7301247,-0.217528628,231.000086,-0.998986489,617.1255926,-0.267414204,2931.836149,-0.324568345,OOOOOO,,,
56.52800798,547,373.3448893,-1.3344134,447.192296,-2.295809224,363.8579476,0.087069289,271.205906,-1.679072921,576.8215692,-0.074829926,2878.949273,0.287805993,OOOOOO,,,
56.63088655,548,796.138654,0.568529706,342.4116629,-0.160301728,398.4955319,-0.332714978,399.3838024,0.119301315,792.7999058,1.008654714,2916.521933,0.991675058,OOOOOO,,,
56.73252916,549,1077.815565,-0.166105522,333.3308224,0.205212202,484.9212344,-0.152588207,413.1003143,0.45872638,779.5731262,0.945498836,2724.914533,0.925490374,OOOOOO,,,
56.83142853,550,1140.366712,-1.136695732,432.9798567,-1.532441329,396.4809442,-0.139359159,376.9392257,0.133743555,778.5386224,1.067172319,2207.089265,0.631706156,OOOOOO,,,
56.93362904,551,626.6848708,-2.348833543,529.023655,-0.646683304,411.0475607,-2.087676975,482.1035577,-2.04398438,707.4961314,-1.892829032,1812.116957,-1.82280915,OOOOOO,,,
57.03539395,552,641.4672694,0.28853964,486.4826016,-0.183927478,402.9414582,0.313432438,458.3402587,-1.514714839,782.4740313,-2.061529985,1764.35276,-1.964298279,OOOOOO,,,
57.13456917,553,511.7889324,-0.757902128,382.6265405,0.494857684,379.9572602,-0.691029926,352.1472104,0.630824352,434.9433727,0.203902712,1543.496527,0.42487027,OOOOOO,,,
57.23640609,554,555.5739683,-1.65184455,380.2404409,0.819978836,380.8001611,0.532071282,374.2898024,0.381851567,465.8851329,0.434188503,1769.943118,0.749944762,OOOOOO,,,
57.33486199,555,477.3867322,0.634223266,466.384402,1.146832293,316.4836904,0.669099919,373.5959318,0.693695912,483.4762967,0.715931805,1948.663014,0.719347292,OOOOOO,,,
57.43682384,556,800.8164282,-0.080161002,430.7698882,0.582795174,438.2811339,0.739085487,549.241044,-1.132915219,1094.475532,-1.785875634,2652.099718,-1.129761716,OOOOOO,,,
57.53983736,557,740.4748273,2.119047045,550.6618051,2.495273068,384.7090571,0.313775985,497.1352861,-0.105943421,844.1545228,-1.546340539,2995.184981,-1.178396495,OOOOOO,,,
57.63779449,558,424.6458807,1.767310474,405.840321,2.78810799,317.348287,0.390851192,360.8854185,-0.53917013,749.0372649,-1.578278841,3088.202623,-1.082091647,OOOOOO,,,
57.73977804,559,244.4789117,1.533124873,356.251155,0.933510211,342.4680248,1.352520861,323.890406,-0.632958347,551.3053898,-1.679094159,2887.805559,-1.449572943,OOOOOO,,,
57.84250665,560,140.1004748,0.950170978,364.6077955,2.357681038,346.2667805,1.182720914,314.8034778,-0.588577465,531.8488966,-0.942903431,2967.211773,-0.754021667,OOOOOO,,,
57.94045687,561,182.3011397,-1.162962631,330.4458557,2.121702006,327.17958,-0.423806696,256.109616,-0.383668107,474.7079908,0.13040759,2921.695569,0.04242417,OOOOOO,,,
58.04341936,562,245.9579519,0.777266629,312.1515772,2.524363211,358.9605969,1.516248971,240.9381407,-0.263402384,523.0953765,0.833336667,2940.699315,0.61090845,OOOOOO,,,
58.14140224,563,354.4826219,0.24889325,318.6607922,-2.958580179,333.774415,-0.179427848,448.1260184,-1.092309315,629.9353497,-2.05316456,2938.368035,-1.755772466,OOOOOO,,,
58.24439192,564,503.2639804,0.106808959,333.7748611,-2.554032018,361.6493445,-0.446124162,446.9195739,-2.013686057,623.0379741,-1.421618281,2781.546585,-1.262616486,OOOOOO,,,
58.34637761,565,567.7057185,-0.100621405,233.9574294,-1.183878994,368.1625132,0.782597261,555.1527226,-1.426634033,615.759799,-2.009880114,2374.122155,-1.679295329,OOOOOO,,,
58.44535732,566,427.3799814,1.434463884,277.177086,0.261599554,434.5564724,0.577640061,391.5248675,1.000059721,657.5296704,1.060245587,1779.250564,1.279574794,OOOOOO,,,
58.54734421,567,645.7051435,0.891485431,428.2386671,0.917623196,436.9752999,0.656678817,413.6923959,0.742605799,682.8412308,1.057444045,1710.006995,1.23128311,OOOOOO,,,
58.64983058,568,438.7677636,0.029400171,355.3731744,0.464178889,471.4991789,-1.190769249,300.5222438,-0.202167029,490.2674368,-1.099309015,1460.701055,-0.504048461,OOOOOO,,,
58.74730897,569,441.7466952,-0.815294451,481.7584663,1.129288355,338.8963686,0.538734829,289.8264582,-0.627037727,529.9859205,-1.81428212,1721.426631,-1.328350143,OOOOOO,,,
58.85027862,570,463.0321867,-1.359723612,467.800966,-2.313981889,392.5729393,-0.347170386,345.3176136,-1.067064444,595.9962044,-1.295552697,1917.585019,-0.792703925,OOOOOO,,,
58.9483006,571,524.503552,0.634078162,436.8177709,0.022573378,311.5842923,1.138579765,364.1863451,1.1914298,450.22081,1.219753159,1978.227096,0.713043622,OOOOOO,,,
59.05077457,572,770.8220783,-0.08337889,432.2060346,0.480326649,360.8208204,-0.107866166,463.0740667,0.657288603,709.4584331,0.757763061,2940.010047,0.834992809,OOOOOO,,,
59.15322995,573,661.3389113,-0.56897001,412.1620057,1.126219671,393.0198916,0.157675422,384.8201691,0.419371208,557.5090636,0.723087424,3013.919199,0.576235642,OOOOOO,,,
59.25123334,574,441.3564001,-1.153576288,446.8705424,-0.229547236,294.843847,-0.465083823,277.9461645,1.012274376,548.4424074,0.408538338,2813.015438,0.172075089,OOOOOO,,,
59.35378885,575,371.3904852,-2.385118374,438.2700608,0.31448959,263.6667186,-1.425224227,264.2611148,0.381540803,495.9829919,0.496240876,2944.983167,0.627756166,OOOOOO,,,
59.4518435,576,438.7024707,2.546620407,417.6720986,1.160532618,314.6745534,-0.818732492,231.8073736,-0.118654317,477.4645711,-0.15488949,2905.073614,0.088749793,OOOOOO,,,
59.55484176,577,505.3386938,1.786693772,403.0576335,-0.101171077,280.7923279,0.807482818,224.8887326,-0.62414438,520.6017587,-0.59569268,2905.235005,-0.298763564,OOOOOO,,,
59.65735817,578,524.7286652,0.11089045,477.6163354,0.395790087,438.3545006,0.508144762,388.3918764,1.039933757,583.8548186,1.086220053,2988.010837,1.048725157,OOOOOO,,,
59.75535226,579,386.1638766,-0.444101408,569.3640148,0.818418585,293.8742481,0.594296703,400.6105121,0.862566298,596.2173649,1.068349474,2845.686114,0.843999106,OOOOOO,,,
59.85784626,580,509.3890671,1.568494569,626.511385,1.267055974,316.5344903,0.276880151,349.582656,0.771930323,534.8923597,1.008774602,2538.416849,0.955334202,OOOOOO,,,
59.96010613,581,372.7862417,0.502187067,496.5176872,-0.071565852,226.1805243,0.950365648,300.4305096,-1.210781524,584.9771391,-1.714098113,1750.278243,-1.661115142,OOOOOO,,,
60.05786109,582,175.3813033,-1.798748308,597.7318771,0.756778216,401.4646982,-2.340952429,414.7398656,-0.706083902,632.3605502,-2.105652687,1782.851007,-1.961974669,OOOOOO,,,
60.16103816,583,324.6209101,-2.018446973,508.9565931,1.278008858,240.2372451,-0.517253946,238.6825097,-0.643113808,501.384731,-1.098462356,1427.744253,-1.482588407,OOOOOO,,,
60.25860357,584,200.7076407,-1.926816795,469.4718958,-0.395712495,296.1470644,0.300679179,235.0466,0.131148633,463.24529,0.845989026,1691.287571,0.611905012,OOOOOO,,,
60.36105561,585,167.8459738,-0.651702091,449.9323978,0.038378474,321.2905641,0.727285367,263.5589013,0.766558654,516.3280405,1.365111456,1906.439782,1.113330287,OOOOOO,,,
60.46210909,586,276.2134799,0.78577994,464.6622859,0.614662949,231.2327843,0.022111105,157.1659327,0.455134114,422.5689392,0.904526148,1950.776223,0.66457256,OOOOOO,,,
60.56151223,587,721.518907,-1.952936707,467.2869133,-1.140889937,345.2686404,-1.526361567,412.4505176,-1.818607164,635.478544,-1.498908336,2838.04375,-1.282252587,OOOOOO,,,
60.66469407,588,581.8961163,-2.851032852,310.9755766,-0.38470272,316.4225332,-1.009022937,400.2663774,-2.472212789,664.8678271,-1.85779047,2985.747792,-1.413714832,OOOOOO,,,
60.76671219,589,545.0533455,-0.211559608,224.1175972,-0.046118801,319.9804157,-1.189787337,279.7512835,-2.019219718,643.8569773,-1.554925031,2968.5124,-1.268510913,OOOOOO,,,
60.86564231,590,392.3570253,-0.847479119,170.5448588,0.202234949,206.4353952,0.303634347,155.2105088,-1.328943358,543.3435792,-1.06881324,2940.775475,-0.650414518,OOOOOO,,,
60.96764326,591,381.3894085,1.163120179,152.3609122,-0.482219126,161.6250142,0.111841502,147.9697623,-0.928387835,509.624432,-1.249846523,2895.97362,-0.579251723,OOOOOO,,,
61.06170416,592,412.640044,0.517531449,183.8522086,0.24479038,228.6030492,-1.173344396,174.7357949,-0.71060201,478.7448429,-0.920405144,2881.444511,-0.549888107,OOOOOO,,,
61.1614151,593,437.3019881,0.394177144,414.1275615,-1.766016065,318.0519889,-1.891236251,347.6706235,-1.754434831,664.3946367,-1.787834844,2999.370142,-1.544762756,OOOOOO,,,
61.27151847,594,382.9263822,-2.480807714,482.2367759,-1.888341211,316.5224439,-1.112269728,391.8681619,-2.03078867,648.1621645,-1.959527089,2844.917637,-1.195373616,OOOOOO,,,
61.36859512,595,361.9011329,-2.063729157,653.1902218,-1.819355187,402.3660969,-1.692435472,449.6993438,-1.501497932,687.6540306,-2.002569288,2632.869368,-1.300495508,OOOOOO,,,
61.47116303,596,505.0566328,-1.303313938,712.4192537,-1.5016883,500.1805841,-1.6877029,329.221114,-1.521248298,491.8104561,-2.175925408,1751.023982,-0.069541924,OOOOOO,,,
61.5742178,597,439.5598601,0.169845735,423.7540996,-0.337927137,391.4169441,0.638425922,395.7586952,0.431201477,725.8078282,1.02901199,1824.777914,1.22587037,OOOOOO,,,
61.67218661,598,408.3834245,0.150582288,435.367401,-0.123864103,449.1514273,0.495742483,440.6963861,0.877979926,752.8849372,1.143319875,1649.040856,1.274436691,OOOOOO,,,
61.7741816,599,637.8333121,-1.848095715,482.8809537,-0.713901058,208.6572844,-0.534762212,303.1001022,-0.397226178,279.3346021,-0.170831042,1498.73345,-0.539695782,OOOOOO,,,
61.87216806,600,635.5288195,-2.647227965,401.4405215,0.25766001,339.3849831,-1.277632624,310.2304156,-0.892063444,428.4766943,-1.805357553,1776.88273,-1.306246821,OOOOOO,,,
61.97518778,601,509.4113968,-0.709466024,502.5974287,0.835611599,272.2581867,-0.255844517,279.4140133,-0.179364409,413.826086,-2.070424706,1902.094754,-1.608824052,OOOOOO,,,
62.07813549,602,492.2356602,1.814830094,437.0495275,-0.70707804,326.8808421,0.106928453,423.1438396,0.810337805,995.7894398,1.138371466,2611.85145,0.857072761,OOOOOO,,,
62.17613482,603,787.6006056,1.245435205,410.6722578,0.027705457,467.1734072,1.137452033,425.7122877,0.981445063,708.0807983,1.317741596,2855.302287,1.125734818,OOOOOO,,,
62.2780838,604,887.8917981,1.26043709,467.9018687,0.195214319,499.328411,0.890629878,474.9161623,1.341617382,667.8131,1.396403548,2872.06017,1.208593012,OOOOOO,,,
62.38107371,605,1034.75814,1.650694875,582.1222155,2.302501675,472.8337011,1.737296068,415.4137888,1.81720589,542.9160806,1.318445709,2795.825923,1.471187999,OOOOOO,,,
62.47907782,606,1042.798853,1.531843569,508.629356,2.572508233,374.0806034,0.97324465,358.01302,1.975991934,456.0129472,1.418988885,2778.647077,1.152819345,OOOOOO,,,
62.58106279,607,788.7481087,1.010080157,364.8305944,-1.710398823,428.5223986,2.409756093,248.7512935,1.754775402,407.1909958,0.826699422,2730.640219,0.499623686,OOOOOO,,,
62.67904067,608,565.8091919,0.251536595,342.6213098,-1.188807157,312.6009317,0.319239536,184.7297082,0.890734441,432.9789628,-0.905905659,2734.744024,-0.370465697,XXXXXX,,,
62.78169584,609,665.8372289,0.15646116,485.8567872,1.2964961,385.2283358,0.717801654,371.4785908,1.060616054,685.3428852,1.135103526,2849.647298,1.03691308,OOOOOO,,,
62.87680984,610,415.0934881,-0.590837656,494.0830807,1.458889084,408.2801966,0.854464296,445.5730726,1.000506418,679.8040583,1.249758917,2644.748607,0.940624251,OOOOOO,,,
62.9776361,611,536.441239,-2.231917341,281.5368362,0.484832637,325.4945756,1.055648365,397.8552108,0.824666729,559.603933,1.303454706,2152.860419,0.875487139,OOOOOO,,,
63.08505392,612,469.0629482,-0.324124761,368.2851388,0.811663269,427.9861768,-0.4953375,355.0769469,-2.438618563,629.1103629,-2.122314931,1746.891373,-1.959439518,OOOOOO,,,
63.17840004,613,334.4047005,-0.978969717,436.9374854,-1.099839643,338.3455253,0.62075389,426.1431914,-2.308383702,657.8990315,-1.951401778,1583.583353,-1.889364779,OOOOOO,,,
63.28102493,614,418.0419067,-2.0888803,195.7417992,-0.123540539,219.2298562,-0.655091379,290.9550778,-0.449626447,575.4495641,0.867922151,1457.728877,0.396223239,OOOOOO,,,
63.38790846,615,248.5883112,0.104574158,264.3158033,-0.218106939,341.5723153,-0.201610903,309.9399163,0.192018721,565.6858503,1.005024879,1757.562433,0.713510433,OOOOOO,,,
63.48670602,616,370.7058998,-0.255161768,366.8532296,-0.200833956,379.1328456,-0.216589267,377.7676175,0.297780408,637.136688,0.79825373,1972.725213,1.101979867,OOOOOO,,,
63.57992005,617,230.3515539,1.626093123,210.9413703,0.81429459,204.4438371,1.06397433,267.4848636,-1.316326023,425.3158524,-0.080511056,1910.777164,0.198403747,OOOOOO,,,
63.69086432,618,472.6259763,-1.132613082,325.4816215,-2.305100848,471.0569753,-2.327307552,460.2001751,-1.940815573,759.414277,-1.460588121,2938.835892,-1.131519957,OOOOOO,,,
63.78989506,619,495.8227013,-1.383304999,238.6114203,-0.456693068,426.1140152,-2.044813829,441.6390149,-2.223075213,688.7315153,-0.922775822,3078.159525,-1.098784299,OOOOOO,,,
63.89186764,620,570.4260267,-1.974350301,295.9748775,1.228990404,208.777952,-1.602029975,350.2604622,-1.515228042,649.8937956,-1.213786956,2977.423215,-1.279609772,OOOOOO,,,
63.99448109,621,406.6178056,0.531552882,228.0720722,1.273864561,200.7349848,-1.938897382,310.3825298,-1.300264621,601.2742823,-0.564113652,2967.369214,-0.651480614,OOOOOO,,,
64.09248281,622,760.3116875,-0.513345181,368.9671642,-0.229715224,287.9756953,0.613874057,262.5050296,0.150966866,567.2206486,-0.325864105,2903.842705,-0.267855744,OOOOOO,,,
64.19448376,623,561.5820962,1.780582113,324.7270683,0.534867307,329.8239812,-0.279652525,254.5562291,1.046558853,554.8216015,-0.026236951,2896.381714,0.086971257,OOOOOO,,,
64.29344606,624,573.9809211,0.687677081,376.6524184,1.275997105,477.0680207,0.693549972,443.0280139,-2.098613914,645.96671,-2.185498033,3000.536664,-1.65536323,OOOOOO,,,
64.39594436,625,703.7433142,0.021945158,391.3341091,-0.119846711,400.1907482,-0.315923435,375.7091911,-1.313579849,628.5881126,-1.805180914,2832.361588,-1.337287925,OOOOOO,,,
64.49524045,626,658.9567442,2.479812879,359.7880686,-1.547882885,367.2424432,-1.082797269,367.475651,-1.516372684,654.9924025,-1.807619744,2575.356332,-1.540447845,OOOOOO,,,
64.59405994,627,351.3828727,0.688700729,420.6292634,-0.727435789,449.2925264,-1.451549028,201.1998887,-0.268096701,283.1086512,0.57255236,1551.216477,1.189736605,OOOOOO,,,
64.6990037,628,825.4691334,0.554197036,307.2535058,0.334639604,499.0118681,-0.014565105,395.6742875,0.642933379,591.0662401,0.814861221,1776.583114,1.046791029,OOOOOO,,,
64.80136919,629,783.5516414,-0.245362549,352.7043708,-1.858840063,446.0291346,-0.194754707,347.1547769,0.495466584,604.6123441,0.800380658,1553.392123,1.012634194,OOOOOO,,,
64.89908004,630,541.8367686,-1.499493536,460.7477416,-1.560906865,348.8096684,-0.11421824,251.2839303,-1.074178629,396.7397924,-0.251723494,1618.685259,-0.392142433,OOOOOO,,,
64.99421501,631,625.843829,-2.444686091,538.9249674,-0.690067603,493.1906299,-1.576598213,299.0250868,-0.512533765,443.025182,-0.754119223,1820.666443,-0.850556016,OOOOOO,,,
65.10043979,632,424.714198,0.407226559,383.4080405,-0.130093068,228.7077137,-1.410155592,274.3916059,-1.772763872,472.3853095,-1.628970179,1955.752225,-1.153638407,OOOOOO,,,
65.20241904,633,735.1306655,-0.56159067,517.6078314,-0.937326969,498.5331588,-0.040004335,443.157152,0.873944214,821.7409887,0.905434049,2857.959735,1.0961159,OOOOOO,,,
65.30431151,634,509.1481921,-1.001173809,531.1172982,-0.57690657,272.008381,0.56746531,442.6861555,0.699844914,821.6489548,0.962471999,3068.397732,0.594800551,OOOOOO,,,
65.40299344,635,191.5063942,-2.192592917,471.4680945,-0.632522504,251.5534448,0.100422713,310.5460365,0.624814765,715.9707286,0.776954751,3075.819093,0.826686379,OOOOOO,,,
65.50525951,636,445.8376731,2.382931517,378.0402973,-0.058267743,302.9471504,0.091601535,256.174705,0.433391919,633.717179,0.068841844,2999.652369,0.731778899,OOOOOO,,,
65.59562135,637,621.7024658,1.299790349,338.6316762,1.987705547,391.1527211,1.785479987,242.7968474,1.158484319,617.4065287,0.839048531,2994.712285,0.439362146,OOOOOO,,,
65.70636988,638,318.9281294,-0.289041778,286.9419073,0.48248347,252.8380509,1.139125192,213.4791395,1.460137584,540.659047,0.753567874,2943.682074,0.251497531,OOOOOO,,,
65.80893636,639,362.9730686,1.971294764,183.3159098,0.465298713,251.8778326,-0.219774342,299.9106627,2.194261867,605.6889125,1.767802417,2977.248246,0.987982249,OOOOOO,,,
65.90720296,640,581.298085,0.568586938,273.6512168,0.397623137,385.6927876,0.484573009,439.983236,0.914942088,733.7048267,1.284255457,2938.926592,0.991800205,OOOOOO,,,
66.00921798,641,681.0903157,0.138601122,265.6230917,0.620679447,346.7939725,0.553471945,428.3287657,0.935024347,733.7283808,1.383786432,2737.356614,0.906072836,OOOOOO,,,
66.11130786,642,753.191502,-0.780324732,254.0594161,-0.244082454,264.8504067,0.363837019,284.1364416,0.196539166,706.0196504,1.053469525,2135.261876,0.382093218,OOOOOO,,,
66.21028399,643,472.3562652,-2.331143709,460.198527,-3.029694391,422.2976699,-2.158025119,498.0884557,-2.236470077,669.7506885,-1.884103671,1796.568423,-1.758343735,OOOOOO,,,
66.3118372,644,400.5038624,0.271864234,492.8150267,-0.820943473,351.5950519,-2.297131776,527.5159458,-2.348417625,726.4203452,-1.909950389,1674.848048,-1.838119316,OOOOOO,,,
66.41079259,645,256.018323,-1.232436544,290.6235304,-0.737314805,241.7513928,1.256422316,260.0614788,0.118490466,500.5997689,0.276420216,1510.647068,0.282963927,OOOOOO,,,
66.51212859,646,361.865741,0.016228653,349.3914884,-0.127636223,283.8839789,-0.386040393,231.8047693,0.43315919,465.9567063,0.422952029,1759.022928,0.645952696,OOOOOO,,,
66.61043859,647,310.5618323,-0.356023947,341.6928995,0.362157081,323.3264453,0.289236168,290.74492,0.569155426,561.9654558,0.770855722,1987.001382,1.07640209,OOOOOO,,,
66.71379566,648,506.3144846,0.019092872,423.1125277,-0.693134847,347.695895,-1.514616354,484.8442205,-1.719244727,666.972835,-1.707594673,2156.145093,-0.910835979,OOOOOO,,,
66.81577134,649,329.6542532,2.571683228,379.6903137,-0.564408039,423.9657714,-2.55511599,433.5184518,-1.943989694,759.9777278,-1.397981299,2938.481253,-1.284736129,OOOOOO,,,
66.91873789,650,218.6930909,1.866829737,299.4793606,0.948480524,332.852784,-1.527183168,338.1642898,-1.917361119,726.1636891,-1.775742712,3105.609464,-1.089587913,OOOOOO,,,
67.01746464,651,249.3639528,-1.692768848,214.2198595,0.872862136,241.4655042,-0.427917952,275.1199329,-0.963852533,564.674774,-1.074690302,2826.363238,-0.896350543,OOOOOO,,,
67.11953878,652,475.347341,-2.820151391,270.9013468,2.756907032,188.0739748,0.353068039,215.5437254,-1.123114862,495.6433945,-1.261214082,2934.811298,-0.654845801,OOOOOO,,,
67.215096,653,456.5341587,2.556237114,244.4729514,1.69643727,175.8553898,0.659107769,190.7316033,1.484324046,460.7037575,0.571877372,2892.758022,0.199750622,OOOOOO,,,
67.31974339,654,401.2283767,-0.652632254,183.3578436,1.258635158,190.2019889,1.469973365,158.7578098,0.933251027,478.4409043,-0.067647966,2898.246199,0.26748179,OOOOOO,,,
67.42269087,655,397.8643182,2.467566285,350.2753383,-0.802710973,369.0905564,-1.542409599,389.1222329,-2.401304316,630.5942959,-2.129076465,2970.838451,-1.612262843,OOOOOO,,,
67.52040052,656,431.2638231,0.541535556,266.7164696,-2.276493129,278.4045783,-0.485245815,337.7011695,-1.97866992,604.4538968,-2.141673119,2837.198813,-1.41499377,OOOOOO,,,
67.62328935,657,694.04673,-2.697951662,310.8196605,-1.514935428,277.4744617,-2.091127759,424.0259055,-1.488955224,501.7235561,-1.481504262,2459.212368,-1.232867126,OOOOOO,,,
67.72528434,658,304.0260001,0.564697564,570.7127202,-0.249927519,303.3608086,0.853554002,354.7325333,0.587598361,596.1623908,1.136446312,1708.983511,1.27333254,OOOOOO,,,
67.82372284,659,681.3182072,2.083482861,515.7883547,0.095378576,316.84897,0.670099714,386.6253564,0.810366281,647.4274901,1.156401051,1740.655189,1.255502388,OOOOOO,,,
67.9262042,660,645.879724,1.657176793,411.8992271,0.63241711,153.2923523,-0.227295269,237.0458216,-0.56251611,508.4120695,0.183383079,1389.022415,0.608865005,OOOOOO,,,
68.02422166,661,629.135904,0.762398048,501.2602166,-0.773967315,200.3047805,-0.442597293,294.8319731,-0.981259269,530.5477643,-0.733910931,1691.993618,-0.619182403,OOOOOO,,,
68.12723303,662,683.6146346,-0.23227157,467.9155745,-0.427403427,211.2536672,-2.479273138,356.251861,-2.127702276,577.4537408,-1.221362252,1903.651279,-1.063978903,OOOOOO,,,
68.22924447,663,712.8129985,-1.169585239,386.662864,0.772484337,174.53321,-0.210578941,264.7590834,0.383919931,499.1863938,-0.530445879,1957.960099,-0.477040386,OOOOOO,,,
68.32722473,664,759.4995458,0.674983694,359.1469184,0.872032135,457.5372836,0.522211859,488.2376693,0.719032662,781.1967841,0.826066782,2841.669345,1.072888998,OOOOOO,,,
68.43017578,665,915.3900547,-0.099604936,410.8646891,-0.389129507,289.0826333,0.400425777,434.018431,0.787717497,748.0383877,0.854403697,3001.205113,0.870601107,OOOOOO,,,
68.53218746,666,666.312593,-0.614445961,257.599376,0.001620631,179.4573448,0.349961214,428.7362486,0.906285187,651.2047422,0.483216905,2957.631475,0.645194252,OOOOOO,,,
68.63010764,667,357.944393,-1.242090562,214.8103301,1.307040768,151.2954447,-0.370519883,253.5230968,0.522988719,617.0563124,0.683171674,2981.35404,0.712719586,OOOOOO,,,
68.73315334,668,278.7658842,1.047725019,220.4768685,0.068554621,210.7034492,0.137906377,208.4255689,0.845501186,572.4291195,0.177644082,2926.36679,0.299037189,OOOOOO,,,
68.83058333,669,308.8538206,0.564019501,255.6300215,0.722577459,190.3846882,-0.266919674,200.0167902,-0.468023823,555.5583278,-0.469481548,2911.011957,-0.227751854,OOOOOO,,,
68.93309999,670,433.4610913,0.444725505,338.7305661,1.167300496,328.4264009,0.252268282,391.6326055,0.712567311,676.3785403,1.379779507,2976.630737,0.96605562,OOOOOO,,,
69.03611422,671,505.1571862,0.992787228,342.4749938,-0.363187904,328.4997093,1.106121146,428.3572761,0.921343847,716.8019461,1.211535769,2860.922962,0.893235551,OOOOOO,,,
69.13410449,672,601.1207573,0.76278315,331.3558538,0.269453849,338.4409679,1.110789666,349.3050892,0.752376869,801.1334284,1.093664839,2669.131895,1.17420383,OOOOOO,,,
69.23708224,673,525.837532,-0.756174271,390.1840788,-0.654198259,319.0701914,-0.560428724,252.5160186,0.87292193,740.6152901,0.698846476,1917.791726,0.102911435,OOOOOO,,,
69.32741952,674,421.307698,0.127563605,358.6455094,-0.785774593,472.5402765,-0.216857828,402.382879,-1.58930728,607.5091722,-2.100135831,1798.549468,-1.945867677,OOOOOO,,,
69.43710136,675,470.6403145,-0.129405816,359.8189422,-0.623011246,494.8330805,-0.298232753,461.7391191,-1.824295816,598.3925021,-2.019713467,1559.787962,-1.947148214,OOOOOO,,,
69.54000139,676,347.2519582,-1.702089122,291.8317345,0.489863351,454.0850527,0.050619428,206.8458829,-0.075537112,407.3040634,0.344453034,1504.508478,0.609880564,OOOOOO,,,
69.6380043,677,255.1915446,0.889266206,340.9279144,-1.08652077,267.9741471,0.372207603,301.6042756,0.590101816,480.3804038,0.465734335,1749.90427,0.900180919,OOOOOO,,,
69.7399981,678,247.7145359,1.036241117,374.8737238,0.797605905,319.8599685,0.017438935,313.203425,0.691699035,567.4709655,0.9237407,1940.74546,0.96276546,OOOOOO,,,
69.84294796,679,653.0454485,0.106721704,461.0155495,-2.778101355,523.8978531,-1.402703205,491.8739104,-2.234308953,1012.803849,-1.825078175,2623.062271,-1.18300217,OOOOOO,,,
69.94048071,680,382.1350882,2.635505327,472.6349733,-2.674735956,256.5315135,-0.647055493,427.7396133,-2.234519719,737.1079483,-1.676464447,2924.743309,-1.254582486,OOOOOO,,,
70.04361868,681,215.0313962,1.590256391,422.2613221,-2.454736191,321.2394305,-0.331809327,284.1324733,-2.071517911,698.8202417,-1.592572794,3046.890323,-1.168775867,OOOOOO,,,
70.14563465,682,209.3894693,-0.164554995,353.2288863,-1.767695536,307.4588527,-0.017203215,210.725213,-0.752099106,563.708751,-0.955059142,2877.989481,-0.765757027,OOOOOO,,,
70.2445972,683,229.1598104,2.082352583,427.9406831,0.736107839,160.4233768,-0.919655998,213.220981,-0.916407367,481.4013108,-1.001059415,2887.046306,-0.920780769,OOOOOO,,,
70.34651971,684,172.2723502,1.512019235,425.3987068,-2.723549453,175.7815175,-0.208552815,208.1653212,0.238074809,455.139671,0.241784646,2859.227612,-0.091691971,OOOOOO,,,
70.44527173,685,172.4189137,0.356917811,411.0672069,-2.163367892,190.3921449,-1.711507075,203.9553337,0.662165358,457.6495642,0.647865896,2849.160745,0.325263228,OOOOOO,,,
70.5434289,686,267.6244506,2.544771222,517.564563,-0.656865546,354.7006485,-0.493614777,399.3750399,-2.066313459,688.3821697,-2.039694298,2944.602648,-1.412606047,OOOOOO,,,
70.64955282,687,207.2657545,-2.120973172,419.7193976,-0.820170194,328.0290702,-1.572729975,407.2703678,-1.928889215,660.5074512,-1.955303218,2773.125067,-1.558068883,OOOOOO,,,
70.74752188,688,413.8862472,-2.506340579,477.4806936,-0.896895838,274.9916013,-0.176579784,384.8309071,-2.252518064,610.4093985,-1.941293787,2330.50154,-1.614591377,OOOOOO,,,
70.8504529,689,467.4142774,-0.021667091,426.2545764,1.099306931,394.3572709,0.902371815,389.0073066,0.91460807,597.06211,1.110382538,1742.237335,1.260650334,OOOOOO,,,
70.94387341,690,281.8424048,-0.836012258,319.9041617,1.319268042,280.8996477,0.5142561,442.077772,0.752068317,647.3184298,1.113247038,1659.503496,1.200196457,OOOOOO,,,
71.05111694,691,412.2106557,0.380681448,349.9722118,-1.280352948,228.7707432,-1.157879188,298.7430849,-1.104248709,416.8452443,-1.142072939,1409.997624,-0.719787449,OOOOOO,,,
71.15310049,692,313.0407217,-0.582446311,406.5189255,-0.847378256,241.6572438,-0.758990062,305.9413514,-0.200031192,460.4748227,-1.021294263,1697.05375,-1.121684022,OOOOOO,,,
71.25210834,693,398.4342387,-1.727609168,357.127032,-0.281470513,271.4262334,-1.939325051,326.0637955,-1.750808645,539.1287159,-1.875894323,1909.256146,-1.159166107,OOOOOO,,,
71.35403824,694,232.5534805,0.517564924,361.3569505,2.145028314,277.2709694,1.415916487,243.4098904,0.862119861,422.6566202,1.005270196,1923.048997,0.179363335,OOOOOO,,,
71.45608449,695,537.5291392,-0.230947494,356.6606561,0.454973034,303.4287131,0.816112222,414.7529909,0.576831603,762.9156815,1.058280406,2934.910411,0.952201399,OOOOOO,,,
71.55507302,696,482.9905684,-0.51777198,350.2895185,0.700572025,394.8431211,0.475920636,377.4058966,0.699029609,697.1979548,0.95186995,3084.318188,0.62557984,OOOOOO,,,
71.65707612,697,403.236253,0.804119382,275.1053504,-0.276628254,326.7437571,0.675010813,295.7676169,0.706640998,636.1741289,0.831440132,2903.371396,0.537496165,OOOOOO,,,
71.75504994,698,393.1951721,0.087927183,292.3991126,0.407779816,194.2217278,-0.758176744,253.3613539,0.500341953,575.1050811,1.092855301,2973.112543,1.004252338,OOOOOO,,,
71.85802174,699,337.1496153,-0.907922552,191.7914272,1.362219,240.6190937,0.263644785,211.2248202,-0.481995727,497.8037372,0.148393803,2871.951102,0.030341786,OOOOOO,,,
71.95997405,700,307.6092168,-1.747966303,229.6257903,1.78770046,220.161263,-0.153490796,215.0790206,-1.204001187,508.5227426,-0.525263709,2874.061994,-0.372115072,OOOOOO,,,
72.05830765,701,272.2210987,0.516549659,370.4737211,0.621458283,375.1726246,0.464915539,355.1299582,0.963996218,626.9618178,1.099449745,2981.026772,0.907142584,OOOOOO,,,
72.16098189,702,335.6761289,1.341421402,460.0465362,1.021760613,263.8384732,0.581555194,435.0704772,0.682414206,723.6396841,1.203644564,2878.809268,1.05487509,OOOOOO,,,
72.26299405,703,528.3920847,1.295519546,355.4057897,1.078041331,361.6823156,0.958012701,393.6920942,0.715194,659.2220566,1.208107644,2566.337109,1.220759128,OOOOOO,,,
72.36193204,704,199.193227,-0.786007646,262.9122373,-1.067312467,391.9009303,-0.89249312,316.1574485,-1.247417554,573.6895241,-1.319623905,1726.420953,-1.367780938,OOOOOO,,,
72.46392226,705,302.6800919,2.861220023,347.3125751,-0.391264112,326.0140602,1.432039106,430.901873,-1.820679084,729.0985432,-2.102897989,1790.87941,-1.945572828,OOOOOO,,,
72.56194925,706,172.5904269,-2.338408499,253.8432056,0.568716216,421.2836414,0.116696554,290.3593128,-1.677688075,608.4950796,-2.376243669,1416.853467,-2.217433829,OOOOOO,,,
72.66490149,707,288.2274955,-0.820929324,369.1741174,0.662018906,370.8214103,-0.571222313,247.5339586,0.427938845,454.8010236,0.203353993,1626.238766,0.554280301,OOOOOO,,,
72.76685309,708,287.9460397,-0.97853687,375.1271497,-0.816296611,409.7783904,-0.248172829,274.1531386,0.456192972,478.7487296,0.574524208,1825.505955,0.929460828,OOOOOO,,,
72.86022639,709,161.1378087,0.818166361,425.5871551,0.134265094,343.3806542,-0.677198373,218.4200385,0.650356493,446.4291698,0.781147269,1905.771955,0.897452025,OOOOOO,,,
72.96763206,710,563.7128287,-2.386761757,384.8072973,-1.893595521,449.872672,-1.207247362,439.6894062,-2.262453398,815.6525021,-1.891854919,2825.204398,-1.485926294,OOOOOO,,,
73.06981444,711,455.3682693,-2.756947077,290.9244285,-1.231107548,289.7823342,0.062705649,416.8501578,-2.014888862,833.600686,-1.313287527,3056.707367,-1.045926138,OOOOOO,,,
73.16846657,712,521.7618062,-0.045752723,397.1396701,-0.684283955,331.1254521,-1.543694724,340.3451571,-2.326288478,687.2713113,-0.826599375,2982.409372,-0.731898132,OOOOOO,,,
73.27039456,713,596.0992554,2.686800008,339.42575,-2.109589286,406.9849246,2.016295845,266.4853931,0.220190208,584.3554955,-0.962227575,2881.833087,-0.4670165,OOOOOO,,,
73.36943102,714,417.5170302,2.215491432,333.3304296,-1.118621263,344.081048,-0.741411511,261.7086953,-0.738071518,590.0652959,-1.493792102,2909.101043,-0.525602447,OOOOOO,,,
73.4714303,715,516.8841742,1.368225449,249.196021,0.416440832,304.0860592,-0.910584099,227.4552369,-0.532470096,519.2359834,0.113392022,2870.686773,-0.11852539,OOOOOO,,,
73.57342982,716,450.0489539,0.260008772,314.2441837,-0.742971636,297.100221,-0.604927732,264.8067968,-1.131781047,576.9924106,-1.39220966,2908.925194,-1.183170382,OOOOOO,,,
73.67250633,717,479.9085761,-0.786221686,397.0898415,-0.30726778,324.9798616,0.171795349,394.9075959,-2.028144399,746.0480765,-2.192196166,2924.873394,-1.4033047,OOOOOO,,,
73.77440166,718,914.729932,-1.857518919,669.3195806,-1.60170991,355.7326785,-1.844838702,429.7443732,-1.641746462,771.9234521,-1.826786019,2682.634057,-1.528324637,OOOOOO,,,
73.87736392,719,810.564693,0.550897768,531.9443941,-0.662797489,620.5360352,-2.386000977,338.9556499,-1.429157177,736.500893,-2.004670692,1974.509857,-1.053109524,OOOOOO,,,
73.97538495,720,769.459749,-0.191078362,372.0853037,0.371773032,549.4999338,0.658787624,412.9608112,0.237644276,727.5345296,1.00422023,1851.911917,1.226113822,OOOOOO,,,
74.07736349,721,754.1563195,-1.396172045,378.5562251,-1.186833182,518.3206491,0.837645226,409.9904715,0.34374592,752.5151389,0.883621102,1697.03428,1.121421708,OOOOOO,,,
74.17701674,722,921.1007963,-2.272444251,648.5943874,-1.423113464,375.4543222,-1.711510837,360.2870156,-1.314808116,372.8685698,-0.960809986,1525.864234,-0.86358748,OOOOOO,,,
74.27611208,723,653.8153641,0.084059633,491.229587,-1.135844672,427.8551004,-1.86995437,393.9954318,-0.938549757,471.5690287,-1.287147253,1794.325663,-0.841903507,XXXXXX,,,
74.38029337,724,626.4171689,1.652122531,351.168176,0.519974223,256.637229,-0.632508034,327.5484176,-1.125693892,467.8989905,-1.967506062,1917.487974,-1.418538365,OOOOOO,,,
74.47928095,725,576.597432,0.264667574,362.6446853,0.413168537,404.7954102,-0.308661109,503.7367511,0.110386205,1040.399752,0.990830845,2672.073972,0.800722629,OOOOOO,,,
74.58128595,726,597.8752097,0.011535118,381.4972684,-0.944962706,320.9586246,0.206322005,456.0391459,0.763750407,849.3186417,0.794544474,3000.922947,0.866858792,OOOOOO,,,
74.68327999,727,317.1522411,-0.36446321,346.8441257,-0.719405412,234.5989044,0.015904265,388.7444969,0.397061398,658.138629,0.459348381,3015.565853,0.731087649,OOOOOO,,,
74.78227711,728,428.3940649,1.256466605,409.7172104,1.955882119,383.9273307,1.020299122,275.6228785,0.481661863,568.4758366,1.323180327,2901.617108,1.240347284,OOOOOO,,,
74.88424206,729,209.7718785,0.312451176,258.1710184,0.626226796,152.4391072,-0.293493759,275.6100432,1.248336472,505.6937173,1.214311417,2915.636292,1.100238957,OOOOOO,,,
74.98221922,730,303.865172,-1.575599997,278.2365249,-0.049802889,180.3977886,-0.215940547,263.9822424,0.386832325,497.7794505,-0.134972397,2892.591273,-0.071753431,OOOOOO,,,
75.08517027,731,266.4723085,0.425552928,270.1782936,-1.52777431,159.1417413,0.225789406,242.2722604,0.945348859,480.1881494,-0.408490207,2896.869773,-0.075329055,OOOOOO,,,
75.18717122,732,490.6779422,0.196928223,479.8325435,0.090615039,390.4498738,0.836287272,408.8625844,0.834366013,738.6216682,1.143524852,2951.880488,1.066262731,OOOOOO,,,
75.28616977,733,380.2296455,-0.088282391,404.5194545,0.438151722,303.4816831,-0.140492879,467.8119887,0.84422841,714.8215417,1.139466826,2777.161089,0.878111146,OOOOOO,,,
75.38814044,734,293.1102704,-1.125919283,229.2497752,0.446689891,422.945504,0.060588449,418.1883785,0.406117777,588.9460903,0.874012924,2295.838842,0.649301164,OOOOOO,,,
75.49084401,735,309.1917478,-0.013256175,387.7366747,-0.645695564,319.3896749,0.729096684,442.9001518,-2.132835307,715.0089175,-2.15553733,1856.344925,-1.920259174,OOOOOO,,,
75.58879805,736,452.6718585,0.137184863,493.8149544,-2.471105434,470.8506969,-1.227116898,473.3249972,-1.901665904,669.3287254,-2.052903461,1716.109986,-1.911723717,OOOOOO,,,
75.69077206,737,183.2167503,1.408986232,254.8073376,-1.352044158,239.9892094,-0.241829271,310.1697135,0.288124166,537.2807019,0.082724997,1574.995311,0.449376186,OOOOOO,,,
75.78984976,738,342.1697642,0.641619116,214.8347199,-0.75154171,281.7294297,0.204006643,320.6797272,0.155252857,593.7454302,0.859831901,1839.062739,1.039314268,OOOOOO,,,
75.89274621,739,390.606306,-0.007005012,212.1361541,-0.244888224,276.0580649,0.468151215,302.4193752,0.248278112,579.4497007,0.697124928,1976.095434,0.746060955,OOOOOO,,,
75.99411082,740,453.7162737,2.454004067,373.8119173,1.18278531,454.296721,0.410407337,456.2959174,-1.244915036,775.5949667,-1.358006386,2234.617808,-0.701685857,OOOOOO,,,
76.09242225,741,248.521398,1.593057507,383.7411471,0.920877685,509.2123129,-2.151368875,455.8711031,-1.599723541,828.4146638,-1.801644406,2967.807098,-1.509185257,OOOOOO,,,
76.19469094,742,170.1321342,0.618116655,489.7787141,0.926571386,313.7585321,0.376728338,332.7914111,-0.924810403,682.5153508,-1.406197026,3030.102619,-0.87407903,OOOOOO,,,
76.29730773,743,302.8893549,-0.903933818,350.2676151,1.254642202,277.9394632,0.912300161,259.3685256,-0.773891881,571.1132732,-0.335144551,2819.544501,-0.553974061,OOOOOO,,,
76.39247346,744,295.3563918,-2.024274014,458.8318884,2.346250991,261.004888,-0.502469305,208.7364544,0.629600162,583.0872137,-0.867636246,2946.577976,-0.692719437,OOOOOO,,,
76.49767184,745,316.7956086,0.347981377,427.1122888,0.525356328,223.6515917,-0.435875743,208.591212,0.194087662,582.8123803,-0.714551171,2910.686636,-0.506546123,OOOOOO,,,
76.59663558,746,302.100656,-0.501174115,400.3527878,0.595856366,256.4596992,0.38145617,172.8375444,-0.428779034,583.0344007,0.585773309,2906.51186,0.747792323,OOOOOO,,,
76.6986115,747,378.0093507,-2.0820604,538.3268662,-0.9637276,423.9332596,-2.036721617,387.5926168,-2.241360261,669.4265979,-2.090095462,2960.634022,-1.600586159,OOOOOO,,,
76.7939651,748,586.2969889,-2.796145738,450.7896509,-0.751582164,328.4081222,0.359750816,386.3592433,-2.351667085,555.9219608,-2.047369208,2742.00296,-1.348631143,OOOOOO,,,
76.89928889,749,754.7695724,-2.951819486,400.8561106,-0.025744849,289.9511149,-1.209790439,338.1699952,-0.537704407,513.1993196,-2.043625641,2410.812496,-1.494718276,OOOOOO,,,
77.00158596,750,252.2118532,-0.172133292,510.5102215,0.358991146,382.8505116,0.808006393,397.4116609,0.767789798,584.3430416,1.165383006,1735.249592,1.28015134,OOOOOO,,,
77.100564,751,418.421713,2.130028295,539.6059703,0.598444679,276.1953061,0.50729621,424.5488183,0.688167054,623.9582917,1.158836027,1698.989072,1.226692481,OOOOOO,,,
77.20255017,752,386.4655397,1.488438355,441.0454133,0.304303393,264.1340351,-1.091231296,256.4402092,-0.896869678,499.5901492,-1.487750002,1434.706134,-0.546272747,OOOOOO,,,
77.30451584,753,453.8219052,0.564136798,497.6635959,-1.165992674,188.9582614,-0.812948145,330.9373191,-1.959703157,564.9436461,-1.329635902,1703.110273,-0.881862326,OOOOOO,,,
77.40352893,754,440.3536414,-0.093344882,484.1023968,-0.536125316,325.7909102,-1.091106909,354.8431292,-1.473279719,567.6107884,-1.923955184,1898.894511,-1.103539684,OOOOOO,,,
77.50516677,755,508.9793193,1.788292273,461.1120454,0.065722162,226.6520193,0.510020279,307.6226315,1.313112898,504.2647164,0.476423672,1917.618899,-0.019254674,OOOOOO,,,
77.60763621,756,745.1305537,0.222940605,444.5539531,0.640212702,374.6172362,0.440208647,434.0066026,0.564426008,831.8387233,1.076563217,2996.270273,0.999867436,OOOOOO,,,
77.70666432,757,773.2415203,-0.105799818,284.9807897,1.279336487,401.2267117,0.633276582,362.8000205,0.738322455,728.1052262,0.625680131,3074.68446,0.447139516,OOOOOO,,,
77.80905509,758,588.4889141,-1.05783616,249.6667258,-1.867431191,208.682945,1.811207872,304.3411352,0.78458852,647.5649067,0.972367439,2913.985397,0.510122556,OOOOOO,,,
77.90673828,759,349.0863853,0.545706995,143.8443329,-1.377426413,178.3864047,-0.843763289,213.7892109,0.548654798,566.4726666,0.279575225,2971.623152,0.59273643,OOOOOO,,,
78.00938702,760,386.1174357,-0.568982862,161.4240004,-0.76774411,188.8555503,-1.603899455,199.346131,0.256228341,553.6410105,0.369281707,2933.566969,0.15423578,OOOOOO,,,
78.10948372,761,453.2192617,-1.4502507,183.8167048,-0.472554326,179.9533889,1.110787707,218.7174718,-0.608893577,548.551016,0.685611239,2913.643964,0.552797448,OOOOOO,,,
78.20866847,762,266.0993241,-1.665951241,551.9228162,0.181577487,446.6387634,0.747702092,408.8883018,0.972610222,637.9960185,1.180927827,3015.986127,0.95256439,OOOOOO,,,
78.31206512,763,247.8179089,2.986617429,524.5454314,0.376203476,307.9069468,0.419225514,415.8876835,0.817417427,647.7423438,1.043512465,2851.920245,0.962673742,OOOOOO,,,
78.41082048,764,438.494574,1.926547956,409.9414603,0.55136146,256.4874621,0.762276598,407.3305412,0.554733133,581.8579434,0.858412796,2542.981037,1.004028348,OOOOOO,,,
78.51303768,765,358.9890145,1.290942724,398.2024684,-0.603173749,300.1101091,-0.240447713,300.2510271,-0.734459539,486.5425449,-1.219045066,1691.354256,-1.351352438,OOOOOO,,,
78.61501336,766,411.4071922,0.291069331,399.8839904,-0.446776044,410.8622474,-2.446434885,363.2090915,-2.045085783,694.3669508,-2.133543375,1797.647327,-1.950044833,OOOOOO,,,
78.7139647,767,395.330784,-0.220312064,303.3181115,-1.629388483,224.6836014,-0.50785731,195.7101729,-0.152381882,366.1725318,-0.242529397,1306.362244,-1.316254544,OOOOOO,,,
78.81600022,768,332.2042157,1.77934087,287.972786,-0.980546988,264.5250026,0.365651465,287.9519686,0.296571671,508.6217884,0.738887189,1662.038784,0.495844595,OOOOOO,,,
78.918957,769,503.4410769,0.398338463,288.2610916,-0.514831348,310.8114361,0.873792639,310.7055251,0.615189883,573.83432,0.840885477,1901.457032,0.747679471,OOOOOO,,,
79.01660538,770,495.2439011,0.729065459,172.3500618,1.268507601,253.8718374,1.188836384,162.6312533,-0.283569232,417.5971835,-0.321541283,1873.712569,0.165619465,OOOOOO,,,
79.11958718,771,463.1894144,-0.855694724,241.6052705,-2.204442666,448.9449316,-2.617958936,432.8199001,-2.314890129,770.8499465,-1.757794387,2921.205235,-1.512211684,OOOOOO,,,
79.22187304,772,526.473471,-1.744383066,293.3260572,0.771351805,300.852041,-0.546614538,389.9956158,-2.108606889,778.9263183,-1.807312062,3090.114777,-1.477240378,OOOOOO,,,
79.31988573,773,528.2161505,-2.418901898,304.9605484,0.788211539,216.6418479,-0.124430871,326.2827815,-2.381323424,639.7192367,-1.231291021,2907.764621,-0.547891965,OOOOOO,,,
79.42187977,774,434.2036956,-0.088732426,245.4120898,1.174304066,171.8880626,0.265278546,272.9651408,0.388940113,573.6712184,0.437400864,2975.321392,-0.231497971,OOOOOO,,,
79.52052832,775,361.0645671,-1.007072624,196.2558639,1.797113917,144.0640854,-0.421056898,245.0735899,0.192045288,569.0077357,0.496350503,2945.177438,-0.00842661,OOOOOO,,,
79.62305117,776,410.9405932,-1.967539372,193.5760953,-0.218986385,148.2667665,0.331768994,224.5335866,0.562847632,549.6512559,0.163796038,2936.436436,-0.017632093,OOOOOO,,,
79.72551727,777,610.1986307,-2.785682364,238.248593,-0.089255131,314.6123003,-1.742715968,398.3001866,-1.775546388,651.5058131,-1.797318744,3018.516516,-1.661978296,OOOOOO,,,
79.82349515,778,736.1835097,2.986422145,310.983795,-2.355030432,356.3925811,-2.563028487,425.0244636,-1.90424334,639.1808892,-1.608952344,2844.940922,-1.093503795,OOOOOO,,,
79.9264915,779,590.9506276,2.324973425,198.3403981,-0.679836229,422.3270421,0.693348365,474.7690678,-1.681448101,696.4769302,-1.676490528,2622.545366,-1.42493437,OOOOOO,,,
80.02852893,780,346.5600558,-1.190492506,505.7880076,-0.823885823,322.7043474,-1.281731188,314.5635372,-1.322737754,499.298633,1.836922519,1660.302785,2.180494187,OOOOOO,,,
80.12644386,781,435.0589142,1.360228771,514.5714695,0.675725912,395.6531298,1.625744258,425.5446631,1.080303989,625.4221521,1.265426038,1745.530375,1.320999704,OOOOOO,,,
80.22910309,782,417.1434852,1.048202974,397.2686338,1.076548475,272.8548759,0.210236889,273.7335586,0.594140606,300.575429,0.281422788,1297.425404,0.532615745,OOOOOO,,,
80.32505035,783,390.3279911,-0.029062052,426.9895958,-0.360982881,363.1323473,-2.057815694,312.9878161,-0.343506454,374.4851012,-0.359953067,1581.473729,-0.324743159,OOOOOO,,,
80.42516351,784,452.9987185,-1.118084206,487.8922064,0.046899978,339.4271602,-1.250552347,313.7253283,-1.231277853,380.7887259,-1.889263811,1757.719394,-1.098771038,OOOOOO,,,
80.53237128,785,412.2657987,1.272112237,418.7043214,1.13605327,385.9067459,2.236388887,305.7575225,0.519556689,357.2322347,-0.720554682,1822.543053,-0.559275407,OOOOOO,,,
80.62573552,786,550.5722016,-0.098627179,544.8881418,-0.444667946,475.2892867,-0.201192105,441.3263297,0.820639788,654.2985197,0.891490143,2830.591939,1.044576094,OOOOOO,,,
80.72500181,787,454.5042903,-0.287079418,489.4658178,0.120052134,411.1830701,1.031595075,436.1886986,0.490029475,649.9641091,0.793729688,2974.673503,0.746535266,OOOOOO,,,
80.83535194,788,414.6104041,-1.085695721,447.0541991,0.60794335,363.0333132,0.535354173,307.530635,0.418041904,571.0017731,0.461873692,2850.337893,0.501250851,OOOOOO,,,
80.93332195,789,395.1763701,-2.432998007,443.2205016,-0.658142275,248.865309,0.81951432,261.2548658,0.184878135,541.5022736,0.861953737,2881.571527,0.741763397,OOOOOO,,,
81.02571988,790,411.1715776,2.222569555,479.6085579,0.179988547,257.8815944,0.591841209,249.2560447,0.079490521,514.8476211,0.750117835,2849.288192,0.520894712,OOOOOO,,,
81.13428307,791,265.3001553,1.042304955,506.952198,0.356215273,230.9693641,-1.589550113,275.3677286,0.599538422,485.726133,0.125028572,2826.021723,0.023734943,OOOOOO,,,
81.22567916,792,364.7955648,0.550615869,481.817818,0.981812807,268.2871013,1.098154628,439.2790551,0.904075844,683.3208115,1.241675067,2961.24214,1.157667854,OOOOOO,,,
81.3392849,793,282.2043354,1.009396898,412.6029799,0.470151752,478.2835868,0.825852377,410.7101095,0.91590383,745.0580095,1.153678584,2845.560645,1.284518507,OOOOOO,,,
81.43734574,794,428.9474813,0.900002383,492.9026577,0.698139189,376.8051302,0.768702577,429.2165808,0.661365536,787.2679394,1.173327474,2612.252442,1.147935569,OOOOOO,,,
81.53925395,795,301.4102967,-0.530880983,361.2019534,-0.959590108,324.984541,-0.018929485,348.7321948,0.162881539,580.42859,0.330774977,1759.376399,-0.213712828,OOOOOO,,,
81.64224052,796,347.9420924,-0.028246993,396.3388999,-0.313383227,389.3986417,-1.289199765,427.0330114,-0.928849305,580.4638866,-1.940716974,1687.719568,-1.94363272,OOOOOO,,,
81.74016571,797,232.7638803,-0.955141554,386.5790318,-1.903640796,269.3694309,0.368999251,292.4157087,0.41379004,523.8185575,-0.829439471,1440.986306,-1.603171213,OOOOOO,,,
81.84303355,798,267.0342405,0.574962028,330.2351321,-0.551438542,309.0242024,-0.639072446,352.0700175,-0.004806103,398.9415955,0.605482415,1562.152768,0.552921851,OOOOOO,,,
81.94165874,799,365.9823593,-0.174711616,414.261836,-0.134249711,412.2231094,-0.440626386,396.5361438,0.521724052,523.5628189,1.155365764,1836.843152,1.082973173,OOOOOO,,,
82.04383636,800,433.7107471,1.762037316,349.5489351,1.04199542,346.1988501,0.556415853,295.7374429,1.113226031,407.1417552,0.291519336,1841.372194,0.700487761,OOOOOO,,,
82.14592695,801,459.6575147,-2.0866484,355.9583481,-1.79801012,423.6044359,0.007616,441.2590838,-1.909306524,605.3482263,-2.02308578,2735.921304,-1.606297421,OOOOOO,,,
82.24142718,802,393.8376322,0.316524041,122.6542154,-1.0931291,421.9250279,-1.552420862,320.711245,-1.028219058,617.3639839,-1.907565567,2896.887214,-1.415071959,OOOOOO,,,
82.34678221,803,429.7798021,1.843746262,229.8708553,1.197363598,350.7356928,0.319918455,381.0810616,0.776504827,463.8116935,-0.916599513,2757.448629,-0.84738182,OOOOOO,,,
82.44216299,804,587.539053,0.933461124,413.4344995,1.796315558,382.6413183,0.772096734,418.2150661,0.421989295,613.8079119,-0.524376558,2909.045783,-0.639375075,OOOOOO,,,
82.54674816,805,600.5549422,-0.411830341,373.570301,0.351355056,430.7689106,-1.549186484,388.3642078,0.138748676,644.8311269,0.333383028,2935.986463,0.074056015,OOOOOO,,,
82.64972091,806,556.7134648,-1.043532894,388.1718614,0.899901196,354.9034823,0.636241299,458.2919551,0.274001758,654.9392932,0.382468482,2946.026254,0.267866601,OOOOOO,,,
82.74774551,807,585.2838424,1.006898198,355.1093831,-0.618512285,321.0815139,0.098909162,516.7285441,-1.457143261,882.5092821,-1.337713516,3123.251551,-1.22858826,OOOOOO,,,
82.8430922,808,645.6146669,0.093527983,281.6260156,0.179606703,350.525301,-1.798979345,557.2156717,-0.555982658,940.1518158,-2.2029523,2905.218373,-1.28465293,OOOOOO,,,
82.95236778,809,558.3008844,-0.910540937,345.8999054,0.587340544,500.9219105,-1.29193368,518.4920185,-0.506136209,959.1332516,-1.603518061,2649.36462,-1.215431352,OOOOOO,,,
83.05144238,810,769.7121837,-1.892646548,399.4582449,-1.311150617,345.2645625,-1.15549788,531.5169685,-1.004968451,753.901382,-0.44578301,1767.043992,0.703442932,OOOOOO,,,
83.15329218,811,592.8176195,2.069342326,494.0930007,0.078541089,470.7658359,0.784243259,489.4847795,0.853062531,889.3508258,1.312457372,1759.328897,1.239976528,OOOOOO,,,
83.25528026,812,647.9837036,1.923048248,532.4068431,1.261081289,477.973591,-1.978062037,398.8595047,-0.036716548,546.4079135,0.926018093,1330.108956,0.847863354,OOOOOO,,,
83.35433149,813,424.1855805,0.104867348,600.2784735,-0.049459474,364.8310165,-1.47949522,572.4304563,-1.142176914,603.8295742,-1.349932579,1633.918922,-1.154305331,OOOOOO,,,
83.4562633,814,512.466141,-0.788745551,600.4026721,-1.397351015,403.1879075,-1.410451506,344.92376,-1.699654868,471.312272,-1.993618569,1760.631574,-1.358065425,OOOOOO,,,
83.5546813,815,578.8195581,1.480210823,594.7909951,1.088120478,311.6523428,1.550541792,319.9875059,0.096665752,393.7776343,-0.472388421,1785.775362,-0.347726543,OOOOOO,,,
83.65659213,816,558.7644237,0.374673367,474.1839757,1.751813787,361.4582327,-0.027074598,372.4773012,1.077993508,675.8801653,1.130177602,2562.029375,1.201804504,OOOOOO,,,
83.7586813,817,570.7695677,-0.044378852,526.1819834,0.345719062,300.3121995,0.234268569,366.6918903,1.112745243,567.2653325,0.797038481,2705.115035,0.768399999,OOOOOO,,,
83.85818148,818,495.5197334,-0.635018643,665.4464833,0.884476568,401.4329948,1.038010513,231.5199174,0.921690113,442.1549765,0.684944621,2532.622177,0.711488918,OOOOOO,,,
83.96024251,819,328.6400302,-1.621688507,659.0382239,1.435869897,260.7166591,-0.753215757,320.8564771,1.61924623,411.9835817,1.492865511,2567.51187,1.109769707,OOOOOO,,,
84.05820227,820,318.0615074,-2.686430815,615.3648116,2.135451274,248.9930189,-1.404598718,234.2173228,0.294721945,384.7995623,0.322284155,2563.354751,0.533058673,OOOOOO,,,
84.15860415,821,212.4943013,-2.993415085,429.2673735,0.424415721,342.6543801,1.67889085,223.1967149,0.369544173,401.3682535,1.129202115,2545.730168,0.595393287,OOOOOO,,,
84.25936389,822,172.1173202,-0.384862008,429.3286061,0.816965323,280.8321026,0.770272954,255.3389156,0.127868118,554.1776886,1.527523184,2685.309245,1.334036555,OOOOOO,,,
84.36113811,823,116.5963,0.42617115,452.0730792,-0.380856239,248.3787354,0.287918497,431.6725539,0.818922476,724.8967014,1.138474232,2655.466705,1.148396925,OOOOOO,,,
84.46414971,824,311.0626327,1.618179478,397.3742595,0.245081204,278.4001317,0.873712442,387.5786355,0.67449367,698.5891162,1.147276915,2420.728718,1.114492615,OOOOOO,,,
84.56613445,825,265.4173018,0.567928126,405.6344651,-1.285982742,213.3669088,-0.253051211,374.9426487,0.161542686,606.5712092,0.633822277,1609.212722,0.146909831,OOOOOO,,,
84.65848112,826,446.3971711,0.410398781,354.3659455,-0.889384064,223.9171754,-0.578065456,384.4757669,-1.624759407,564.3483038,-1.547006592,1472.424286,-1.608986919,OOOOOO,,,
84.76710153,827,585.7910485,-0.603950659,275.9763512,-0.917776576,444.3420677,-1.687492034,250.3011534,-0.381309252,456.378853,-0.862314208,1146.473088,-1.601105898,OOOOOO,,,
84.86509132,828,571.7124778,-1.335445035,291.8045929,0.996006618,303.7018728,-0.876459499,283.0526424,0.005947344,439.6843665,1.398229003,1520.667599,1.245187457,OOOOOO,,,
84.96807647,829,556.3679678,0.800514198,265.5851188,-0.107213006,317.2862626,0.566990427,343.485148,0.51277605,469.8524239,0.760141777,1711.090955,0.973580924,OOOOOO,,,
85.07002616,830,620.5279136,0.046818273,309.7991824,0.587142658,329.692496,0.609838024,275.5102647,1.106384607,399.9374549,0.794442679,1749.811197,0.822659993,OOOOOO,,,
85.16802859,831,538.7872788,-1.325689458,243.7830351,-1.080113301,324.7227279,-0.137462794,299.0093456,-0.786501691,564.6505877,-1.46041102,2464.599994,-1.255689922,OOOOOO,,,
85.2709918,832,713.8597487,-2.359993121,202.5910227,-0.941574672,337.5883237,-0.230107861,282.6086565,-1.46605155,560.2941969,-1.285851583,2582.689446,-1.312285632,OOOOOO,,,
85.37352514,833,623.1582393,0.152264845,179.0071669,-0.340925948,266.5065596,0.161115709,235.4616095,-0.056443418,447.7674342,-0.927247075,2485.148548,-1.052058133,OOOOOO,,,
85.4716866,834,262.9419868,2.350253178,339.9502645,0.643772281,270.4401045,1.333407318,244.0627764,0.115051716,336.7189552,-0.58280076,2458.247476,-0.542872033,OOOOOO,,,
85.57460189,835,78.45406396,1.171192489,316.713855,1.225074624,307.7967044,-2.021695904,257.0494782,-0.593073612,415.2788292,-0.820880102,2524.903637,-0.547453501,OOOOOO,,,
85.66920114,836,151.0101127,-1.706199501,309.9157822,-0.027081461,222.5289516,-0.250827524,248.1169913,0.574272554,371.4496093,-0.14122559,2481.679023,-0.289819877,OOOOOO,,,
85.77626061,837,205.7354457,-2.977127277,346.1274977,-1.711866909,295.1812903,-1.53011676,252.2964158,-1.008525342,487.4369231,-1.579030582,2607.932567,-1.369757185,OOOOOO,,,
85.87654614,838,337.4852713,2.854472148,426.8630771,-2.415755761,425.9609981,-1.275076119,400.217516,-2.043304462,686.0941066,-2.156546312,2577.182736,-1.897557499,OOOOOO,,,
85.97557902,839,223.1774626,2.596057452,389.586061,-2.528724841,358.3639422,-0.188026031,464.1767004,-2.312896916,738.5226912,-2.150571311,2373.016832,-1.721512515,OOOOOO,,,
86.07755256,840,259.2299888,-2.320883821,393.8734942,-2.309497376,318.2810176,-1.64251033,335.4672909,-1.340728457,543.693077,-1.472512524,1428.386867,-0.664186679,OOOOOO,,,
86.1795516,841,539.2454025,-0.080516976,428.8467302,0.482150952,322.6078116,0.475333449,357.566161,0.699860249,484.1375827,0.965611148,1308.78682,1.112922932,OOOOOO,,,
86.27851248,842,347.3937012,-1.071158594,343.5742837,-0.642548179,249.803653,0.23522517,241.7506823,-0.32966456,345.14272,-0.039763707,991.8981224,0.255542687,OOOOOO,,,
86.38018394,843,346.434355,1.04684146,296.932637,0.100698686,241.2967702,-1.586729964,283.9877179,-0.653188541,381.9752696,-1.493297464,1459.598857,-0.912708676,OOOOOO,,,
86.47854424,844,399.0890525,0.251122741,291.7352306,0.965493718,198.2001035,-2.251758814,315.7739194,-1.265260755,480.8156675,-2.084323455,1693.575849,-1.760220081,OOOOOO,,,
86.58100271,845,456.352008,2.209535806,446.8457553,1.672400973,277.425381,2.684144776,295.4371615,-0.910824822,367.803488,-1.465577902,1686.120692,-1.271134977,OOOOOO,,,
86.67438269,846,369.8468017,1.409668788,559.2030654,1.589237789,357.4429762,1.288428725,377.9312677,1.131872742,472.8218662,1.000175991,2334.693531,1.134030073,OOOOOO,,,
86.78246784,847,238.0327114,0.508558162,343.5083953,1.820822743,379.5949249,0.913289165,322.4554049,1.010161563,501.9338697,0.624575719,2521.041635,0.638177824,OOOOOO,,,
86.88445115,848,318.6807519,2.45412592,169.9152021,-0.86595018,188.6116271,0.401805027,318.2038796,1.468429033,447.9143126,1.168306263,2449.16857,0.948609149,OOOOOO,,,
86.98646235,849,269.7799503,1.675541595,294.0923658,-0.203903677,112.7042767,-0.172402943,239.2819215,0.926620816,483.0227589,1.158055575,2538.031102,0.910459408,OOOOOO,,,
87.08540201,850,234.6275417,0.704122679,230.5552512,0.047066039,133.1360573,-0.218009363,224.3437139,-0.534511863,396.7967391,-0.049019079,2486.322572,0.279885854,OOOOOO,,,
87.17474532,851,482.3022676,-0.851536446,330.7520945,-1.032469457,414.4752196,-0.547198859,185.3698774,-0.477295633,388.9684734,-0.081766626,2487.203967,0.089514124,OOOOOO,,,
87.28537202,852,566.9771795,-1.122333809,454.7925411,-0.794353459,342.8513228,-0.415882396,381.9043162,0.204751353,499.618454,1.274525411,2622.773945,1.178954962,OOOOOO,,,
87.38788819,853,256.9372158,-1.725235405,467.3651435,-0.658604982,365.9322778,-0.075118757,462.1684739,0.388657028,757.3413509,0.985942434,2601.992568,1.175993315,OOOOOO,,,
87.49036002,854,253.3132075,-0.133593716,544.6592204,-0.655186221,443.3240297,0.123561532,464.8603599,0.517441005,746.3391168,1.002611218,2347.113704,1.080166929,OOOOOO,,,
87.58834743,855,336.2926929,-1.137685325,485.0345238,-0.54893269,299.7037171,-0.679456763,389.8354548,0.007324346,593.9582929,0.463912981,1429.512306,0.026341762,OOOOOO,,,
87.69130898,856,407.9434105,1.095647488,413.1590512,0.046410736,284.835762,-0.256700525,337.7428256,-1.229358756,540.1750218,-1.196936393,1370.605169,-1.618185101,OOOOOO,,,
87.79064059,857,434.6440767,-0.10617852,430.0162212,0.654032477,301.9771675,-0.637304558,297.8093844,0.236965772,388.9571508,0.766993799,1043.338622,-0.196278781,OOOOOO,,,
87.89161634,858,450.844532,-0.997624707,431.0573445,-0.540324911,346.7172908,0.301055441,334.6260138,0.143618958,457.3651307,1.182731192,1481.198982,0.99630444,OOOOOO,,,
87.99395466,859,523.1692126,0.985345377,450.9963643,0.142370657,327.8115192,0.246023605,255.1655234,0.239361015,401.4135503,0.949350302,1635.895304,1.013342385,OOOOOO,,,
88.09182358,860,737.8348731,0.898848169,531.5200223,1.252958832,433.0767254,1.991850487,313.1676687,1.462013517,327.8985013,0.750610272,1595.156179,0.797165728,OOOOOO,,,
88.1907227,861,255.6742117,-0.551563019,639.6142196,0.727079083,323.0038169,0.45233676,455.9642587,-0.69281757,507.2412342,-1.685025414,2371.50108,-1.706292924,OOOOOO,,,
88.29227209,862,338.3065932,2.734972866,612.69751,2.702520802,514.9139117,0.192443936,359.0340542,0.468289547,534.8257452,-1.256460327,2539.387616,-1.428845193,OOOOOO,,,
88.39570975,863,407.3778358,2.934929377,342.1131627,0.200289139,608.4503104,1.480316164,334.5513983,-0.040053053,450.0970937,-2.206633425,2436.861351,-1.640663437,OOOOOO,,,
88.4917922,864,389.8599995,2.571467342,279.8103455,1.055593656,410.2284633,1.893330188,249.7296472,-1.073667186,330.1133253,-0.32331049,2382.907735,-0.365563524,OOOOOO,,,
88.60085297,865,292.9152187,-0.584990712,260.8638683,-0.904583901,234.1237402,-1.544017736,236.4280485,-0.458747365,359.0611257,-0.332848183,2370.283483,-0.26613693,OOOOOO,,,
88.69883466,866,281.2641041,-0.775395364,212.2914437,-0.594608358,189.0155714,0.500889541,234.5398073,-0.424856175,389.2351382,-1.039745959,2358.934123,-0.35955827,OOOOOO,,,
88.80080032,867,312.9527859,1.713764188,150.3787176,-0.053931922,420.0483402,-0.519130945,411.6492304,-1.855752029,580.6469356,-1.740749698,2562.214049,-1.597542613,OOOOOO,,,
88.89981627,868,478.9088982,2.583047156,339.2508691,2.619210305,372.1265145,-0.683446823,488.1920332,-1.372127134,804.106654,-1.561022489,2573.160164,-1.635292923,OOOOOO,,,
89.00178337,869,592.1886389,2.439897957,500.7176813,0.990895235,353.2629235,-1.172478111,463.6817075,-1.184203351,689.5519653,-2.023647422,2254.866478,-1.708977175,OOOOOO,,,
89.10419869,870,239.3558352,-1.108524733,600.5598229,-2.053888248,343.028647,-1.227043312,333.9754314,-1.48004457,409.6067794,-0.854686628,1220.843404,0.737481456,OOOOOO,,,
89.20241523,871,547.3301167,0.268295288,493.4448401,-0.656683189,287.882909,1.027600286,436.5288581,0.293049525,558.3993964,1.027339956,1369.686619,1.268655166,OOOOOO,,,
89.30492735,872,307.8698977,-0.007513961,281.0647714,-1.072779125,352.50286,-1.596200944,349.6881241,-1.022922372,461.0863707,-1.157194312,1131.735161,-0.373309997,OOOOOO,,,
89.40334678,873,373.6581198,-0.762323337,386.8102792,-0.460905264,389.1485475,-1.360006738,339.7532175,-0.846709013,505.8920815,-1.035304688,1528.707965,-0.971138303,OOOOOO,,,
89.50567102,874,353.6254312,-1.421300639,486.2771894,-0.369939544,295.24026,-1.485036325,295.9150295,-0.55666705,460.2334696,-1.530198383,1704.467962,-1.526333619,OOOOOO,,,
89.60768843,875,200.220775,1.200071106,411.5319095,0.777480984,311.427531,1.266606544,258.4098207,1.202242476,343.0786676,0.810065711,1701.528981,0.194760886,OOOOOO,,,
89.70611429,876,384.7149313,0.079388018,607.7848242,0.932926232,362.4029376,0.115393463,369.1911962,0.796200402,583.7347136,0.869774033,2446.409283,0.977385854,OOOOOO,,,
89.80713487,877,251.3407516,-0.868167298,344.5686168,1.430430195,273.7380023,0.665484555,262.8846964,0.421888749,520.1330042,1.011212279,2540.364611,0.81611575,OOOOOO,,,
89.91136742,878,287.7771737,0.304140799,235.6561386,-0.941075731,335.0014296,0.153440067,286.4121214,0.627298495,340.0994583,0.482943112,2310.132082,0.565529152,OOOOOO,,,
90.00693274,879,260.7155352,-1.354463046,307.6024215,0.073877206,303.8973903,0.568618683,253.8613271,0.527544097,309.2038796,0.636802645,2406.703236,0.870269534,OOOOOO,,,
90.11133909,880,251.9996933,-1.50977442,356.4969298,0.477756038,230.6165557,-0.547060953,239.7281211,-0.769791959,287.5927021,0.070846698,2386.515699,0.265209819,OOOOOO,,,
90.21028495,881,341.2455535,1.325982053,405.838675,1.419179558,225.4508897,-0.151583056,234.6000263,-0.47347559,287.4935659,0.79793682,2355.329371,0.681843425,OOOOOO,,,
90.31227422,882,475.5952578,-0.184666378,358.7761588,0.91603781,378.0878695,0.677930365,370.9528525,0.781817079,504.5640547,0.973223455,2621.147825,0.886677758,OOOOOO,,,
90.4152472,883,344.7575598,-1.004114115,478.4456517,0.190552056,466.9670501,0.867737677,405.2823065,0.793444555,657.199733,1.091821268,2519.255467,1.176606916,OOOOOO,,,
90.5132339,884,567.7630505,1.348519374,381.0603846,0.923191845,332.7963596,-0.585267384,427.0449084,0.621353883,658.8030263,1.066778841,2238.069474,1.114714849,OOOOOO,,,
90.61584187,885,424.7072614,-0.320167471,323.1567333,-1.777964666,434.8122807,-0.197029307,359.6497182,-0.199507946,378.4207558,-0.487993121,1180.222646,-0.638627993,OOOOOO,,,
90.71821284,886,320.4859902,-1.518220676,464.5592244,-2.514099675,340.3109125,0.733861014,425.3563936,-1.722481859,543.5275843,-1.740953252,1319.029001,-1.798743354,OOOOOO,,,
90.81619501,887,446.0940682,-1.682320601,388.6757706,-1.666671916,287.8094797,0.262036076,353.4432938,0.100664559,393.3151164,1.34110432,1068.768564,-0.011567451,OOOOOO,,,
90.91887474,888,292.5412332,-1.221079884,372.3035038,-0.287888248,318.4403345,-0.399607323,401.7559741,0.567788277,442.7243465,0.980109325,1509.072647,0.788032501,OOOOOO,,,
91.01717567,889,325.3054979,0.833942047,329.8149909,0.968557961,298.5317908,0.082159654,476.4928923,0.745834253,549.1038774,0.842958254,1754.480833,0.88525593,OOOOOO,,,
91.11916566,890,447.0887503,1.325014048,395.2201129,-0.070866195,283.1680159,1.901324672,321.8705197,-0.537987159,303.3433884,0.374905313,1678.533092,0.539339484,OOOOOO,,,
91.22112823,891,286.5638213,-1.968707961,360.9014685,-1.402525419,261.9622094,0.510313142,428.178485,-1.234175459,491.553584,-1.917861698,2521.654937,-1.361586555,OOOOOO,,,
91.31986403,892,458.7750934,-2.856140892,338.0600063,1.632442841,356.9108381,-2.060983557,384.9435924,-0.853290727,458.132052,-1.384886467,2599.488321,-1.370986357,OOOOOO,,,
91.42209506,893,470.4262448,2.896737993,421.6090123,2.397491965,220.0618105,1.291058684,301.4668725,-0.683575774,409.8235483,-1.569320998,2453.377055,-0.87649931,OOOOOO,,,
91.52475762,894,152.4126769,-0.19225946,202.8511372,-0.873191187,150.1452912,1.280708591,289.7699113,-1.034306557,343.1570761,-0.278746397,2476.586502,-0.455660681,OOOOOO,,,
91.62371755,895,154.4763285,-1.322649508,254.5653353,-0.844245853,201.8878021,-1.681931774,213.619519,-0.714149925,375.1943488,0.182597369,2465.220972,-0.173766353,OOOOOO,,,
91.72572303,896,163.8328454,0.77386583,140.8860692,-0.625328355,160.1411931,1.143038749,190.7109843,-0.605890033,429.9006108,-0.700559585,2470.712056,-0.183192907,OOOOOO,,,
91.82369852,897,238.8133086,-2.337217286,154.1769378,-0.085541988,234.8258343,1.006812578,410.5420074,-2.294793963,544.8169105,-1.75909924,2643.494531,-1.80838601,OOOOOO,,,
91.92569542,898,399.4951715,-2.498828945,243.8092784,0.847047184,368.8537761,-1.67016627,494.7493524,-2.509439882,692.1048606,-2.022250399,2560.219602,-1.459242371,OOOOOO,,,
92.02971077,899,493.6731356,0.319524022,377.7019648,1.268305376,278.8405853,-1.88796623,424.2249003,-1.999578214,659.4004893,-1.998578024,2272.246707,-1.717206774,OOOOOO,,,
92.12358737,900,389.7869568,-0.947824067,342.8560374,-1.482081106,230.4388025,-1.572671481,248.6497168,-0.150847848,299.4364028,0.871699014,1184.283804,1.499805906,OOOOOO,,,
92.22957802,901,298.0996733,-1.273884547,225.507023,0.192587003,256.4253638,-0.030925954,466.3542503,0.43292812,518.2621584,0.542525591,1330.817716,0.925488339,OOOOOO,,,
92.3316102,902,360.0002841,0.928422988,271.5054956,-2.206559641,202.390511,-0.352169862,307.1969639,-0.547932419,477.7795731,-0.9650887,1107.351489,-0.358552743,OOOOOO,,,
92.43014693,903,399.5033791,0.102131204,296.3151964,-1.96389623,279.4108258,-2.283687292,303.9834055,-1.457580345,532.3033865,-1.394567687,1589.828454,-0.966675315,OOOOOO,,,
92.5237515,904,381.3263419,-0.810749755,317.8150915,1.038221162,229.9332894,0.778629844,323.6622238,-1.195061906,617.5312662,-1.446299657,1804.75867,-1.194160244,OOOOOO,,,
92.63025594,905,606.2050514,1.405226048,323.5783743,0.943623402,279.4364938,2.414160124,299.1817471,-0.17622892,350.6450476,-0.459971445,1749.551995,-0.310453484,OOOOOO,,,
92.73254204,906,529.9727903,0.32353327,306.3106315,-0.113644005,369.0203964,0.365751057,460.9524247,0.731323601,584.8535709,0.860810612,2504.593772,1.050232318,OOOOOO,,,
92.83559823,907,347.7681981,0.002283948,300.8752832,0.412333042,287.0992863,-0.140722441,365.0228057,0.199720529,583.2876878,1.027712669,2630.065764,0.905587776,OOOOOO,,,
92.93352389,908,410.3865456,-0.817910429,373.0215744,0.528106435,253.4006044,1.282922408,302.7508483,0.825068025,482.506771,0.666463649,2487.834088,0.68607354,OOOOOO,,,
93.03621626,909,177.0426902,-2.005225105,383.8832943,1.257576784,228.0471253,-0.110044145,270.2556386,0.571814243,495.7429192,0.676023255,2546.443019,0.950016127,OOOOOO,,,
93.13818336,910,245.3521246,-0.07491602,348.188204,1.734922081,260.3806006,-0.043348975,263.6221429,0.279524086,384.8928251,-0.070163629,2462.72408,0.185089047,OOOOOO,,,
93.23711753,911,192.8855505,-0.408043625,172.017261,-0.435757901,236.3128843,0.670710016,304.3833379,0.906084542,393.3472973,0.068430688,2448.670649,0.281477874,OOOOOO,,,
93.33914614,912,219.522257,-0.295024674,498.7007973,-0.024506959,483.3944659,0.481421389,501.6038907,0.793380458,646.3422248,1.111712029,2749.682848,1.018525307,OOOOOO,,,
93.43715525,913,188.4914732,1.093147348,492.3027617,0.483739681,295.154014,0.833938066,442.1345022,0.796087499,694.2752624,1.040002022,2578.540292,1.182670636,OOOOOO,,,
93.54011226,914,231.0748009,0.886131826,503.8537287,0.732639863,399.3271984,1.038193629,384.8116329,0.167614643,629.347304,0.685254957,2264.784382,0.929890757,OOOOOO,,,
93.64208126,915,238.7953971,-0.876863458,324.473876,-1.583954494,422.336339,-0.55105324,316.6011771,-0.128023923,461.053591,-0.275084461,1342.801908,-0.400042602,OOOOOO,,,
93.7400744,916,210.4840937,2.67704679,535.7248397,-2.373660386,344.0084784,-1.248626113,414.8746089,-1.605739183,595.8972694,-1.88493261,1394.213901,-1.856690165,OOOOOO,,,
93.84308577,917,419.13688,0.729135044,299.5836719,-1.158246978,263.3300211,-1.141527326,294.5361611,0.397454398,424.1575508,-0.104154695,1029.042548,-1.071800389,OOOOOO,,,
93.94506645,918,274.0240168,0.159791167,292.6106897,-0.115330327,231.9952749,-0.328252986,321.9624768,0.259117258,499.2951471,0.691144727,1354.028779,0.736477662,OOOOOO,,,
94.04304338,919,350.556244,-0.186812092,283.9224751,0.115039455,424.1672562,0.185970094,343.0845774,-0.156046964,464.150346,1.109210199,1620.960542,1.251356942,OOOOOO,,,
94.14601636,920,373.9354214,0.905140942,293.8146949,1.045794672,268.658782,0.843777379,300.3785411,1.351453944,444.2189162,1.523980898,1662.687788,1.280109907,OOOOOO,,,
94.2440021,921,230.1463639,0.801482076,323.9631581,-0.451993169,580.479877,-1.560775088,390.5226488,-0.528402532,550.8620464,-1.859169433,2340.643282,-1.517810416,OOOOOO,,,
94.34706855,922,364.7078087,-0.051563235,377.5115825,0.328720101,396.164663,0.408695104,407.1684695,-1.270078379,579.5951463,-1.989689698,2461.281729,-1.582247169,OOOOOO,,,
94.44044995,923,244.7920682,0.355654572,240.1524368,0.725931357,229.5802409,-0.457422437,396.1580025,-1.723026743,521.6815652,-1.311917545,2437.563141,-0.890652673,OOOOOO,,,
94.54307222,924,688.0870921,2.691609191,392.2741749,0.700795837,340.5269445,-0.378448009,264.8561107,-1.115827423,406.7175796,-0.942298612,2418.062979,-0.687989513,OOOOOO,,,
94.64993668,925,336.4504313,1.342413486,237.2323708,-0.183614829,312.6545027,-1.654616556,232.7207971,0.24641578,448.3483468,-1.004903998,2437.245802,-0.636586023,OOOOOO,,,
94.75193524,926,555.9693466,-0.078160324,111.6588278,0.496106564,303.5022144,0.008236252,354.4335547,-0.506965238,376.9892064,-0.439458516,2390.221536,-0.173680533,OOOOOO,,,
94.84991479,927,664.8164647,-1.431878224,373.2000427,-2.594426274,279.4925302,-0.724365774,506.19931,-1.274685399,616.9150396,-1.714633349,2616.063922,-1.609153237,OOOOOO,,,
94.95290065,928,634.2182094,0.882450527,408.4409414,-2.515054293,328.1019194,-0.296132779,500.8088994,-1.930172892,743.7588066,-1.618451976,2612.163579,-1.65523742,OOOOOO,,,
95.0509181,929,620.7808082,0.191280726,303.6257409,-1.906331545,409.6864183,-2.428677651,475.147933,-1.314992681,655.5637037,-2.10338061,2268.327969,-1.689645684,OOOOOO,,,
95.15387797,930,587.8808267,-0.975467709,355.2645482,-1.010186143,223.087138,-0.89240787,448.7283604,-1.028858817,479.8175565,-0.609695723,1273.654589,0.005854268,OOOOOO,,,
95.25540733,931,541.14197,-1.436232528,260.0544335,-0.15144894,435.5159794,-0.026612652,443.0327584,0.72315195,571.1390402,0.990125436,1385.452815,1.151963577,OOOOOO,,,
95.35385513,932,512.5303566,0.845399844,259.5881017,-1.275996729,309.7543492,0.209017654,416.6950261,0.275045023,499.0559697,0.543189449,1088.098997,0.755672832,OOOOOO,,,
95.45640206,933,609.2840047,-0.035039546,334.4883376,-0.448918757,253.8524067,-0.476593965,480.1951226,-1.189128467,439.4851159,-0.133364481,1512.60971,-0.520193572,OOOOOO,,,
95.55433249,934,288.4145872,-0.727010173,281.3358814,-1.050589345,257.984803,-0.508753482,496.7011762,-1.29665546,478.755281,-1.087210551,1736.914028,-1.222089287,OOOOOO,,,
95.65674782,935,633.8437832,1.520198279,491.324834,1.984359107,170.1893761,1.865468179,427.8510627,0.379566502,477.639272,0.025684019,1815.977113,-0.443434866,OOOOOO,,,
95.75626493,936,519.4566198,1.0130929,389.5070418,1.729061788,419.6170975,1.180994528,536.5256304,1.13607164,711.6478681,1.213164662,2464.087778,1.356028565,OOOOOO,,,
95.85683036,937,434.9626104,0.569716925,236.4419973,1.798889091,256.4841034,1.396872195,447.2059743,0.895158552,620.2166663,0.988772498,2524.213133,0.663392518,OOOOOO,,,
95.95605469,938,320.1713615,-0.046928593,155.2838499,0.542440646,187.6149028,1.498333236,348.8408511,0.168343753,435.8986237,0.294634629,2469.223032,0.574217701,OOOOOO,,,
96.06237864,939,146.5703451,-0.463179486,212.9790036,1.354305987,126.5747239,0.260968793,350.0758857,0.457862508,455.3937397,0.200621613,2462.6604,0.21182199,OOOOOO,,,
96.15775037,940,210.7522761,-1.315500513,174.4005857,1.426985758,175.5933314,0.542769592,362.9159815,1.335579976,441.4823885,0.504377941,2485.456624,0.278348034,OOOOOO,,,
96.26280785,941,176.4208482,-1.498841072,271.3027603,1.056497207,204.8046812,0.848939673,334.3281917,1.364060005,407.2869128,0.232363341,2473.59682,-0.062719386,OOOOOO,,,
96.36189055,942,188.1580157,0.425312767,343.5498083,1.282366265,166.1682162,-1.07153913,267.3002473,1.572187895,501.2677736,1.475469522,2558.239962,1.083948084,OOOOOO,,,
96.46354032,943,365.9625851,0.047719888,372.9257186,-0.264433789,399.7602118,-0.003045435,377.4014319,0.710345093,667.9878218,1.099475179,2518.894913,1.251027296,OOOOOO,,,
96.5663197,944,338.2539253,-0.121668766,463.6040441,0.2328939,372.0459465,0.778341034,382.022307,0.975385849,679.3843405,1.035795756,2332.391754,1.065062743,OOOOOO,,,
96.66430521,945,505.3511732,-1.601713606,584.1312795,-0.627335567,388.0642593,-0.035879396,365.0871939,0.33901566,565.6828825,0.594052402,1595.511494,0.243044001,OOOOOO,,,
96.76727057,946,505.1445967,-2.690934043,375.1022692,-0.709796171,268.6907666,0.166130732,356.3080947,-1.244534226,532.592414,-1.964418825,1347.124438,-1.880828147,OOOOOO,,,
96.86926794,947,368.9532991,-0.36742757,394.2012083,-0.018463835,365.3600851,-1.585706467,272.8341503,0.428713049,367.0761544,-1.345071336,1010.977496,-1.660507875,OOOOOO,,,
96.96725893,948,246.3939599,0.967355568,507.5864008,-0.962189355,352.9461948,1.397748358,368.2284702,0.392380207,397.6942877,1.201323462,1471.04208,1.117632063,OOOOOO,,,
97.06995082,949,270.4071939,0.091426683,594.3232488,-0.456114737,376.2710294,-1.080029849,325.9220022,0.133793696,478.7918535,0.877788436,1712.791451,1.038479108,OOOOOO,,,
97.16793108,950,429.6512492,1.437437487,494.7009129,0.511630391,361.1665614,-0.109159497,355.8115114,0.577351044,459.0027838,1.03740749,1778.420027,0.946300196,OOOOOO,,,
97.2708981,951,363.8055655,2.609223872,390.4817984,0.929527151,452.1582568,0.453579957,357.8471715,-1.323313213,553.4908645,-1.637638148,2338.896337,-1.360420549,OOOOOO,,,
97.37289071,952,311.2462028,2.753441325,489.6469375,-0.779015579,443.7650987,0.721477505,288.1695393,-0.906110554,571.1892056,-1.659732446,2574.001956,-1.290441522,OOOOOO,,,
97.4718411,953,206.3421963,1.646232913,293.1628176,1.200206241,340.1370289,-0.040574181,227.7256867,-0.662180493,470.9812381,-1.003904724,2570.698665,-0.831617,OOOOOO,,,
97.57434916,954,117.3101215,-1.857857043,330.5456092,-0.705347504,365.4935779,-0.744794943,251.86328,0.09927686,481.3871033,-0.699753206,2537.963781,-0.522857369,OOOOOO,,,
97.67636895,955,106.7052814,2.827332944,280.3225487,-0.623271999,335.4013446,0.19528824,238.4639929,-0.096005474,412.0779564,-0.037660652,2527.594021,0.115641406,OOOOOO,,,
97.77476668,956,201.8230361,2.362782294,265.5213819,-2.441202426,346.0176648,0.916766895,218.4454836,-0.503138307,398.8657591,0.340686925,2517.77495,-0.241334489,OOOOOO,,,
97.87419152,957,137.6108384,-2.247897774,314.2800431,-1.507813317,281.8676113,-1.692911535,331.6445206,-1.676258265,629.4452835,-1.571930029,2737.467601,-1.338881435,OOOOOO,,,
97.97256184,958,358.9514138,2.974866228,305.1882067,-2.208945008,250.0256622,0.564584219,414.0489866,-1.974784822,700.6113491,-2.156269764,2584.206846,-1.866339031,OOOOOO,,,
98.07774663,959,392.7190939,-2.796930625,309.0346906,-1.917814893,346.4873791,-2.091514574,408.676875,-1.578164448,817.634793,-2.074368177,2430.360648,-1.633118746,OOOOOO,,,
98.17313004,960,486.3159617,-2.563477725,382.0170938,0.024630273,251.6080484,0.735151825,413.8891597,-1.284526226,756.5012499,-2.126357153,1655.987742,-1.611187167,OOOOOO,,,
98.27803278,961,124.9802531,-0.353973695,509.8422635,0.10610982,244.0370889,0.583718648,381.2435924,0.229410173,572.7949833,0.926139936,1492.480833,1.091923334,OOOOOO,,,
98.38115644,962,182.1862046,1.65670545,417.0873384,-0.68462399,348.4809492,0.359664638,281.7158762,0.055615134,423.5274414,0.346526427,1215.603184,0.821686964,OOOOOO,,,
98.4827292,963,230.9260764,-2.104176594,457.4624665,-0.505660998,361.5877311,-1.185376251,354.8430575,-0.841815897,483.8064596,-0.932833056,1600.009589,-0.930659948,OOOOOO,,,
98.58097076,964,208.8595575,-0.036175903,423.0089213,-0.356808661,362.861286,-1.849552136,323.8411685,-1.143159921,506.9574683,-1.634702837,1795.624931,-1.19566454,OOOOOO,,,
98.68335629,965,305.1642269,1.869408883,454.8707394,1.052436287,377.6091603,1.331009476,321.2852297,-0.777675543,412.3430885,-0.410370311,1804.623238,-0.304559776,OOOOOO,,,
98.78233004,966,305.119667,1.402550572,405.1167569,1.105730391,455.956922,0.819343633,329.2957307,0.657363651,630.7637229,1.126393698,2440.832497,1.291601829,OOOOOO,,,
98.88431907,967,440.5420231,0.766480066,310.6081888,-0.559438002,270.1408462,-0.410918037,308.2720884,1.093392813,632.3846327,1.164989427,2540.70362,1.030797699,OOOOOO,,,
98.98664927,968,378.3045219,0.091871079,275.9740576,0.178893592,249.7827417,0.105948023,354.0568994,0.669099022,543.4377089,0.90380235,2436.391229,0.899902543,OOOOOO,,,
99.07398725,969,363.7446255,-0.697849464,276.8780057,-0.98442535,255.2152546,-0.206100114,341.6535085,0.164528689,532.5635076,0.459609859,2486.387374,0.557050643,OOOOOO,,,
99.18752122,970,620.5371534,-2.151339488,367.3013725,-1.34511567,225.5284995,0.397124704,315.2019491,-0.793947788,509.0611152,-0.307990959,2472.472682,0.080265857,OOOOOO,,,
99.28957462,971,478.787872,1.748556962,221.7535413,0.084971001,459.7108268,-0.633671495,285.6458954,-0.191833986,487.9170321,0.504833861,2444.910573,0.302337041,OOOOOO,,,
99.38861537,972,855.4300756,0.705676061,251.0832813,0.83227222,447.2774089,0.2165584,306.1444271,0.56985416,571.6453343,0.515211734,2554.201273,0.796277908,OOOOOO,,,
99.490206,973,847.1782973,0.070008695,334.0769223,-0.523223803,379.441802,0.221338631,479.7434056,0.581108707,691.6008428,0.607038189,2534.110723,0.989419884,OOOOOO,,,
99.58920574,974,778.7641591,-0.720173573,478.0734437,-0.027668003,458.4444573,1.106441478,468.8939208,0.585475574,694.1049478,0.771442056,2228.553158,1.091850947,OOOOOO,,,
99.69120812,975,766.3695255,-1.784235095,368.0264748,0.064942867,443.5845701,-0.099324363,409.1529127,0.208809237,674.8986108,0.302413053,1501.352258,0.034790438,OOOOOO,,,
99.79418087,976,674.9471813,0.168713703,436.5689586,-2.394687076,426.3332008,-0.646965468,408.5048862,-1.417554167,595.4609702,-1.209332446,1336.716578,-1.440641258,OOOOOO,,,
99.89214921,977,775.0611545,-0.763311867,345.0968877,-0.038959491,384.711848,0.581938827,341.0878407,-0.191542633,335.7310977,-0.653979051,939.8363349,-1.073065311,OOOOOO,,,
99.99398017,978,872.3899004,-1.394647947,420.1398671,0.14589165,401.1191942,-0.103400619,378.5683803,-0.001997385,405.9423582,0.546747433,1473.007757,0.671379105,OOOOOO,,,
100.0970776,979,519.6227224,0.478291986,463.0972674,1.097432746,509.8269226,-0.350017315,331.6259738,0.090712131,500.4568906,0.984523172,1740.852056,1.355850366,OOOOOO,,,
100.1951091,980,929.4889859,1.80431111,745.7988103,1.758313339,440.1191695,1.770331854,356.8765759,1.263142801,340.76489,1.478535346,1691.12576,1.523455588,OOOOOO,,,
100.2971125,981,561.3362048,2.516545253,507.8353085,0.773732135,427.8542617,-0.520798223,441.5270234,-1.317774906,599.1077587,-1.683352313,2401.713286,-1.436473693,OOOOOO,,,
100.3959789,982,343.0463677,2.631385328,301.8657565,-0.654682976,283.8153226,0.410828609,295.9531326,-1.640619635,445.668063,-0.749505376,2436.155868,-0.867918387,OOOOOO,,,
100.4980373,983,189.2680127,1.903487691,150.8318981,0.126992781,219.1310236,-2.04455465,306.5529087,-1.48991316,471.874776,-2.021585942,2418.204396,-1.30369408,OOOOOO,,,
100.6000111,984,165.9565901,1.238353084,288.9749067,2.404212509,276.8536518,-1.330791357,192.9119877,-0.43794732,422.7454984,-1.536176104,2441.822872,-0.999024244,OOOOOO,,,
100.6986585,985,235.329766,-0.989172625,234.0278122,-0.742663979,239.0615106,1.243902029,235.9747341,-0.992056455,394.1930606,-1.199956466,2413.497427,-0.593400999,OOOOOO,,,
100.8016555,986,303.1097143,-2.321603344,226.5769227,-0.22254452,228.3783581,0.188300569,234.4957771,-0.697528202,382.1257606,-0.605038333,2419.079219,-0.102407736,OOOOOO,,,
100.9039884,987,494.898657,0.192213353,393.6572361,-1.778529174,248.8411508,-0.75295543,372.2373081,-1.897118672,561.0775832,-1.53841748,2604.177359,-1.467401611,OOOOOO,,,
101.0016761,988,578.8879904,-0.669339126,326.14871,-1.237233979,313.0766989,-1.049546293,415.139494,-0.313385396,627.8625543,-1.66855758,2514.156286,-1.462997244,OOOOOO,,,
101.1046443,989,425.0462405,1.566986637,403.7019218,-0.776095879,322.7697875,-2.424366711,384.680528,-1.192739282,674.2786959,-2.168068101,2312.457141,-1.7888245,OOOOOO,,,
101.1926663,990,575.4318932,-2.306025662,429.4881761,-1.891931135,235.2923809,0.142824611,294.5241446,-0.900063384,442.5027039,-0.22341314,1268.810329,0.518132633,OOOOOO,,,
101.3049595,991,368.5424201,-0.785179459,463.2940057,-0.539032902,351.0155979,0.805878744,341.0711536,0.766799867,594.2112966,0.978748365,1348.081823,1.155080893,OOOOOO,,,
101.4074552,992,331.444275,1.579420821,336.1743637,-0.432457972,302.5296604,-1.321177796,240.4296206,-0.911941908,577.4035587,-1.477038123,1218.792464,-0.580121309,OOOOOO,,,
101.5067477,993,269.3634591,0.208899259,309.5929882,0.503836171,230.5118969,-1.080101638,322.8136926,-1.386049813,591.604824,-0.828105903,1666.580112,-1.104092092,OOOOOO,,,
101.6044509,994,368.1977576,-1.134215666,382.4881477,1.296303426,238.6067484,-0.714370129,306.7778337,-1.44379888,598.7133463,-1.092406253,1857.646654,-0.850012254,OOOOOO,,,
101.705169,995,610.1584268,0.865959374,624.7237862,1.43141301,794.7348961,1.443503346,416.0399797,1.752176924,570.8946128,1.281730947,1908.042777,0.40955696,OOOOOO,,,
101.8085022,996,622.9166937,-0.468871891,617.3714296,1.038802659,373.6157836,1.296224947,358.5825331,1.084980427,567.4216735,1.479511113,2388.228816,1.268329227,OOOOOO,,,
101.9115114,997,434.6437305,1.295400586,615.7262406,1.412914245,420.8293144,-0.343590698,396.8758058,0.914928784,534.7228244,1.129475599,2484.409722,0.810493324,OOOOOO,,,
102.0089679,998,522.1369791,0.394157481,464.2587208,0.140317876,405.5552746,0.46367761,215.2514183,0.464799523,474.354071,1.125407868,2306.128351,0.24043678,OOOOOO,,,
102.1114399,999,566.9270691,-0.446523796,473.7901861,-1.238779126,407.5771439,0.516413074,220.35089,0.355460715,409.3765704,-0.061700458,2427.485271,0.153197365,OOOOOO,,,
102.214493,1000,575.2196739,-1.3468067,522.2508633,-0.59151009,342.0182459,-0.912037554,206.6726238,1.114453633,436.6976853,1.353112919,2416.856546,0.792514667,OOOOOO,,,
102.3124695,1001,1366.809536,-2.120166031,977.967503,-1.427839927,850.3681147,-1.176074601,370.7958008,0.019808254,416.4113399,0.315562466,2403.652038,0.078231734,OOOOOO,,,
102.4144514,1002,777.7885279,2.724737919,750.9657522,-0.743789058,651.0313536,0.972074803,476.8727639,0.677105623,697.6469169,0.965764492,2582.056339,1.109387173,OOOOOO,,,
102.5134118,1003,1327.382625,1.614582766,646.3582441,-0.168244562,651.9619034,1.085894157,406.5884075,1.025768018,742.8519432,1.215338184,2491.612492,1.264981621,OOOOOO,,,
102.6153665,1004,1587.555553,0.8235063,650.1765202,0.457150133,507.9424832,-0.487971978,455.8341395,0.821720661,606.4887117,0.941143618,2137.411145,0.952750564,OOOOOO,,,
102.7184134,1005,1478.824592,-0.459922123,709.9909507,-1.139310151,608.950914,-0.235667496,327.3845225,-1.001825648,442.319232,-0.628622646,1155.088156,-0.811622277,OOOOOO,,,
102.8160276,1006,1307.963051,-1.270249573,632.4940578,-0.655980101,568.2621269,-0.529402357,380.8066856,-1.644482306,554.7249743,-1.731132008,1264.756514,-1.712267052,XXXXXX,,,
102.9190733,1007,1211.445802,1.036104333,604.3458153,0.027130765,552.2034468,-0.212010486,322.5114552,0.33225085,390.7175747,0.913084324,1228.312453,0.462789517,XXXXXX,,,
103.0210381,1008,1282.121114,0.014385039,523.7797065,0.671867807,550.2159611,0.618503223,332.2680915,0.685238734,460.5678422,0.606655578,1574.4389,1.132090347,XXXXXX,,,
103.1190157,1009,1364.015931,-0.747967194,433.4469168,1.307094992,554.6981215,-0.086263617,376.1538911,0.63312994,578.7942656,0.884477272,1805.47331,1.016391103,XXXXXX,,,
103.2219906,1010,1163.538054,-2.01942074,805.3665921,-2.719995473,499.3475425,2.231112279,308.8252165,-0.866105184,458.9192428,-0.444019827,1830.317466,-0.126316405,XXXXXX,,,
103.3199885,1011,1253.23543,2.878357222,550.7708578,-1.003055938,568.7362937,-0.615523757,369.0668018,-2.377369361,644.8490975,-2.127998441,2513.010983,-1.577923383,XXXXXX,,,
103.4219043,1012,568.9629697,1.674379705,298.1666266,-0.310298627,352.5642888,-0.423714034,365.8672515,-0.689615223,649.6096161,-1.539501423,2516.16061,-1.128064084,XXXXXX,,,
103.5249958,1013,599.0376711,0.222305705,240.6970529,0.139370188,315.5725575,-0.253230212,353.5052413,-1.547186943,403.372853,-0.276216047,2400.754786,-0.572295071,OOOOOO,,,
103.6238809,1014,647.8248938,-0.919702114,376.4963355,-0.84168833,244.3568823,0.128774843,380.6765792,0.307362975,442.957497,-0.464444551,2476.43472,-0.175295486,OOOOOO,,,
103.7257729,1015,713.7438745,1.213852588,415.4815131,-0.285452705,284.4720727,0.571145851,406.4178303,0.128156637,473.5546183,-0.005462951,2438.928015,-0.05626774,OOOOOO,,,
103.8217204,1016,752.9466309,0.316520785,470.3400244,1.21933023,402.8516414,-1.637014561,447.5430159,-0.526934601,491.4302743,-0.402653286,2489.052052,-0.154167422,OOOOOO,,,
103.9259086,1017,583.1230681,-1.718489276,865.2119926,-0.720954374,549.0945529,-1.450498681,620.2011969,-1.483170475,764.054308,-1.842460794,2736.451699,-1.547874514,OOOOOO,,,
104.0222845,1018,1730.409194,-1.946821337,1333.779376,-1.793841135,836.0816017,-1.7795285,730.0880995,-1.25102993,782.0693462,-1.172019327,2515.363525,-0.74620956,OOOOOO,,,
104.1222725,1019,1211.915817,-2.479010244,1143.249673,-1.359604612,458.9894907,0.941750875,664.4572698,-1.179179788,853.3164729,-1.102495668,2132.893105,-1.266790241,OOOOOO,,,
104.221627,1020,542.8505778,-1.834324989,1031.305451,-0.526725231,925.2229287,-1.7236692,720.2255177,-0.420024665,673.5878827,-0.075365387,1364.906452,0.826802535,OOOOOO,,,
104.3317947,1021,1134.424705,0.890848504,686.1923834,0.436318943,903.1194934,0.88227799,728.4015206,0.765320324,605.7809913,0.807842701,1043.898577,1.368670755,OOOOOO,,,
104.429781,1022,768.20834,-0.39394497,868.1874423,-2.367908324,794.689868,0.410215199,578.6295615,-0.222674403,715.560334,-0.412283486,1544.132839,-0.449547825,OOOOOO,,,
104.5328074,1023,692.5133026,2.134809886,815.1221645,-1.188673679,857.2997942,-0.591855301,593.6544079,-0.787610649,670.1335536,-0.52058206,1777.415549,-0.605600536,OOOOOO,,,
104.6348171,1024,572.2577948,1.131020948,735.3690406,0.022248879,861.8321085,-1.392874441,658.7386687,-1.586574649,691.6135492,-1.499915147,1974.680967,-1.298669278,OOOOOO,,,
104.7327759,1025,841.2946939,0.450475735,799.8653415,0.318377192,858.5756272,0.522131901,612.1902488,0.86559464,1010.789457,1.253602848,2408.358401,0.927593489,OOOOOO,,,
104.8357337,1026,423.6309249,-0.543745865,640.3447786,1.06508405,780.9913671,0.299721783,524.8554388,0.839822872,789.0601,1.229430753,2723.14613,0.794877198,OOOOOO,,,
104.9333754,1027,750.693362,1.078931415,542.1956694,2.362346653,928.1684314,1.618747248,437.324996,0.43595974,701.8007959,1.15482716,2735.042891,0.740770752,OOOOOO,,,
105.0364022,1028,1085.941547,1.414227625,969.0236426,1.695861828,744.5066739,2.16963184,592.2324382,1.974353659,843.6258448,1.692856863,2863.496694,1.440483442,OOOOOO,,,
105.1383803,1029,294.1390567,1.292092579,906.2605276,1.788787083,987.3503793,1.382672761,373.4715606,0.920179627,601.8534452,0.99004362,2750.387814,0.919660392,OOOOOO,,,
105.2363961,1030,430.3586348,2.155312349,813.7404594,1.900807503,468.2803362,0.772624457,532.0978946,1.578464005,594.9361278,0.450097026,2739.298068,0.442975768,OOOOOO,,,
105.3393686,1031,500.0904073,0.438621621,417.3738849,0.85208721,499.1714012,-0.554488681,408.3688545,1.013642182,413.5247816,-0.126602777,2642.402021,0.167391548,OOOOOO,,,
105.4413536,1032,368.2128359,-0.517204883,394.8310924,-0.218794899,445.186805,-0.111077631,559.3415538,0.384282638,708.2093529,1.270258862,2783.448888,1.228076369,OOOOOO,,,
105.5393157,1033,871.6877779,0.30503012,553.0975288,0.394395028,638.2635154,0.419508833,609.6426329,0.527918253,646.9749167,1.293078816,2473.229332,1.26119252,OOOOOO,,,
105.6423416,1034,780.6690925,0.151468707,631.4825778,1.097205125,500.2405399,-0.097718993,514.0021111,0.325364546,661.3613345,1.107551958,2082.644791,0.825893819,OOOOOO,,,
105.7403293,1035,659.7124888,-0.673388396,630.8172722,0.236689966,501.1889513,-0.432506689,479.6240201,-0.598778402,563.452057,-1.09893598,1386.042153,-1.559919487,OOOOOO,,,
105.8432984,1036,707.0823737,-1.615336341,691.3124231,-1.265490611,542.2802058,0.009758012,452.5878942,-0.364510521,609.3691377,-1.029849918,1222.969159,-1.723417747,OOOOOO,,,
105.9455624,1037,938.2888871,-1.393983397,929.6603585,-0.769905431,579.748658,0.309141476,532.5908025,-0.035803039,539.9398131,0.605369782,1501.290492,0.512847729,OOOOOO,,,
106.0396171,1038,871.56713,-0.388575589,815.8578238,-0.21193575,618.4018238,-0.981861584,440.7275689,0.155178968,567.6175034,0.767243408,1694.657158,0.819509232,OOOOOO,,,
106.1378577,1039,718.9169986,-1.033680948,602.0006616,-0.749857147,321.9167222,-0.874011221,427.5528483,0.461600419,541.3352419,0.698965455,1802.114896,0.642496931,OOOOOO,,,
106.248234,1040,1046.774888,-2.671898152,546.5912453,-0.093839017,418.0610866,-0.181498399,419.1392551,-0.690288147,718.5537331,-1.827356997,2521.277416,-1.338957571,OOOOOO,,,
106.3387077,1041,981.4142132,2.751238468,506.5861503,0.464411898,360.9404768,-1.341592427,464.6347891,-0.942277709,667.6775767,-1.48840858,2739.89684,-0.967871419,XXXXXX,,,
106.4413426,1042,988.4118685,2.033587293,653.3792708,1.744406219,526.3459591,2.465935139,369.6554885,0.36963208,565.3868007,0.630081196,2765.020253,-0.335573399,XXXXXX,,,
106.5472019,1043,721.1712343,2.189871105,675.5106005,1.815872372,356.3845189,2.613604546,284.0162867,-0.642135815,521.7652198,-1.06084825,2729.879681,-0.73288477,XXXXXX,,,
106.650147,1044,358.7999021,-0.940759484,327.9342516,1.636156322,153.7450618,-0.303836369,229.5799288,-1.151878103,436.6714395,0.03892522,2700.167292,-0.28494397,XXXXXX,,,
106.752135,1045,524.5866303,-1.827495366,235.398253,-2.032357965,186.1272018,0.253998552,211.4184108,0.122740053,456.3085315,-0.48806857,2702.36099,-0.38560082,OOOOOO,,,
106.8501079,1046,557.8084107,0.180484865,214.1047438,-2.235971869,176.9173812,-1.359498649,265.1177269,0.924996137,470.2666899,-0.042955861,2682.811345,-0.280296141,OOOOOO,,,
106.9530852,1047,721.9533145,-0.629933004,318.7202862,-1.957950353,329.2004821,0.577684053,407.4475131,-0.454370578,900.6526479,-2.254986561,2995.794976,-1.954848344,OOOOOO,,,
107.0546963,1048,550.1308181,-1.698790862,281.7649479,-0.700919623,380.1842693,0.42605068,428.4314092,0.14958579,924.904032,-1.724548889,2751.497652,-1.440666796,OOOOOO,,,
107.1536994,1049,1014.50177,-2.497261729,463.0805378,0.062911816,383.6558903,-0.283418646,497.1596419,-1.528532788,775.9511246,-1.460172476,2063.200294,-0.840249575,OOOOOO,,,
107.256135,1050,692.0746923,2.889793894,535.2713001,-1.07585706,475.8976809,0.205458029,541.1938477,0.423611491,913.3783991,1.143132021,1904.608713,1.318684817,OOOOOO,,,
107.3545468,1051,1035.79707,2.716801524,634.5530982,-0.872381507,381.4925451,0.199856973,446.8113633,-0.739080229,714.8602648,-0.172289493,1677.044769,0.196463434,OOOOOO,,,
107.457021,1052,900.7197343,1.703731188,580.0872194,-0.309891496,377.9139938,-0.744019564,449.2089089,-0.216891041,718.4810875,-0.320010709,1867.558062,-0.225999199,OOOOOO,,,
107.5615861,1053,900.1326664,0.810785058,494.3664952,0.669821052,397.6295525,-0.046732944,466.3286024,-0.615859771,737.1107567,-0.879103895,2064.786903,-1.078618726,OOOOOO,,,
107.6583047,1054,905.9398494,-0.117075418,429.9155498,0.838035644,425.16902,0.052609173,528.8187034,0.529324649,828.8138898,1.189956515,2157.270977,0.637429722,OOOOOO,,,
107.7569194,1055,832.6106176,-1.064099624,308.9452134,-1.78732958,460.1017747,0.778167528,626.8531193,0.792712141,917.7105828,1.117330935,2991.351672,1.024267689,OOOOOO,,,
107.8538389,1056,977.7293675,0.798820212,422.7361941,-0.965978422,342.1970861,-0.471093724,492.2746329,0.690551376,877.4130602,0.900710337,3197.857351,0.372135746,XXXXXX,,,
107.9462283,1057,1188.875505,0.107653028,316.1516362,-0.520955668,420.0951486,0.362269351,487.8901529,0.4444447,789.274893,0.831461119,2967.203692,0.718374306,XXXXXX,,,
108.0598435,1058,1001.65817,-0.863867985,359.7019563,-1.879123308,399.8209068,-0.395255058,416.427329,0.702512467,766.3691239,-0.140365426,3105.33555,0.139379652,XXXXXX,,,
